-- phpMyAdmin SQL Dump
-- version 4.1.14.3
-- http://www.phpmyadmin.net
--
-- Host: db437696394.db.1and1.com
-- Generation Time: Sep 19, 2014 at 02:22 PM
-- Server version: 5.1.73-log
-- PHP Version: 5.4.4-14+deb7u12

SET SQL_MODE = "NO_AUTO_VALUE_ON_ZERO";


/*!40101 SET @OLD_CHARACTER_SET_CLIENT=@@CHARACTER_SET_CLIENT */;
/*!40101 SET @OLD_CHARACTER_SET_RESULTS=@@CHARACTER_SET_RESULTS */;
/*!40101 SET @OLD_COLLATION_CONNECTION=@@COLLATION_CONNECTION */;
/*!40101 SET NAMES utf8 */;

--
-- Database: `db437696394`
--
CREATE DATABASE IF NOT EXISTS `db437696394` DEFAULT CHARACTER SET latin1 COLLATE latin1_general_ci;
USE `db437696394`;

-- --------------------------------------------------------

--
-- Table structure for table `assignment_type`
--

CREATE TABLE IF NOT EXISTS `assignment_type` (
  `assign_type_id` int(10) unsigned NOT NULL,
  `assignment` varchar(30) NOT NULL,
  `assign_friendly_name` varchar(30) NOT NULL,
  `assign_short_name` varchar(20) DEFAULT NULL,
  PRIMARY KEY (`assign_type_id`)
) ENGINE=InnoDB DEFAULT CHARSET=latin1;

--
-- Dumping data for table `assignment_type`
--

INSERT INTO `assignment_type` (`assign_type_id`, `assignment`, `assign_friendly_name`, `assign_short_name`) VALUES
(1, 'Public Speaker', 'Public Speaker', NULL),
(2, 'Chairman', 'Chairman', NULL),
(3, 'Overseer', 'Overseer', NULL),
(4, 'Reader', 'Reader', NULL),
(5, 'Opening Prayer', 'Opening Prayer', NULL),
(6, 'Outgoing Speaker', 'Outgoing Speaker', NULL),
(7, 'Bible highlights', 'Bible highlights', 'H'),
(8, 'Main No. 1', 'Talk No. 1', '1'),
(9, 'Main No. 2', 'Talk No. 2', '2'),
(10, 'Main No. 3', 'Talk No. 3', '3'),
(11, 'Second No.1', 'Talk No. 1', '1'),
(12, 'Second No.2', 'Talk No. 2', '2'),
(13, 'Second No.3', 'Talk No. 3', '3'),
(14, 'Third No. 1', 'Talk No. 1', '1'),
(15, 'Third No. 2', 'Talk No. 2', '2'),
(16, 'Third No. 3', 'Talk No. 3', '3'),
(17, 'SM Part 1', 'No. 1', NULL),
(18, 'SM Part 2', 'No. 2', NULL),
(19, 'SM Part 3', 'No. 3', NULL),
(20, 'PTWS Sound Panel', 'Sound Panel', NULL),
(21, 'PTWS Stage', 'Stage', NULL),
(22, 'PTWS Microphone 1', 'Microphone', NULL),
(23, 'PTWS Microphone 2', 'Microphone', NULL),
(24, 'BTS Sound Panel', 'Sound Panel', NULL),
(25, 'BTS Stage', 'Stage', NULL),
(26, 'BTS Microphone 1', 'Microphone', NULL),
(27, 'BTS Microphone 2', 'Microphone', NULL),
(28, 'PTWS Attendant 1', 'Attendant', NULL),
(29, 'PTWS Attendant 2', 'Attendant', NULL),
(30, 'BTS Attendant 1', 'Attendant', NULL),
(31, 'BTS Attendant 2', 'Attendant', NULL),
(32, 'Closing Prayer', 'Closing Prayer', NULL),
(33, 'Main No. 2 Householder', 'No. 2 Householder', 'ASST'),
(34, 'Main No. 3 Householder', 'No. 3 Householder', 'ASST'),
(35, 'Second No.2 Householder', 'No.2 Householder', 'ASST'),
(36, 'Second No.3 Householder', 'No.3 Householder', 'ASST'),
(37, 'Third No. 2 Householder', 'No. 2 Householder', 'ASST'),
(38, 'Third No. 3 Householder', 'No. 3 Householder', 'ASST'),
(39, 'Outgoing Speaker 2', 'Outgoing Speaker', 'Outgoing Speaker'),
(40, 'Outgoing Speaker 3', 'Outgoing Speaker', 'Outgoing Speaker');

-- --------------------------------------------------------

--
-- Table structure for table `assignments`
--

CREATE TABLE IF NOT EXISTS `assignments` (
  `assign_id` int(10) unsigned NOT NULL AUTO_INCREMENT,
  `week_of` date NOT NULL,
  `user_id` int(10) unsigned NOT NULL,
  `assign_type_id` int(10) unsigned NOT NULL,
  `page_id` int(10) unsigned NOT NULL,
  `meeting_type_id` int(10) unsigned NOT NULL,
  `study_id` int(10) unsigned NOT NULL,
  `setting_id` int(10) unsigned NOT NULL,
  `congr_id` int(10) unsigned NOT NULL DEFAULT '0',
  `theme_id` int(10) unsigned NOT NULL DEFAULT '0',
  PRIMARY KEY (`assign_id`),
  KEY `user_id` (`user_id`),
  KEY `assign_type_id` (`assign_type_id`),
  KEY `meeting_type_id` (`meeting_type_id`),
  KEY `page_id` (`page_id`),
  KEY `study_id` (`study_id`),
  KEY `setting_id` (`setting_id`),
  KEY `cong_id` (`congr_id`)
) ENGINE=InnoDB  DEFAULT CHARSET=latin1 AUTO_INCREMENT=2251 ;

--
-- Dumping data for table `assignments`
--

INSERT INTO `assignments` (`assign_id`, `week_of`, `user_id`, `assign_type_id`, `page_id`, `meeting_type_id`, `study_id`, `setting_id`, `congr_id`, `theme_id`) VALUES
(1, '2013-02-18', 7, 22, 6, 2, 0, 0, 0, 0),
(2, '2013-02-18', 5, 23, 6, 2, 0, 0, 0, 0),
(3, '2013-02-18', 4, 24, 6, 1, 0, 0, 0, 0),
(4, '2013-02-18', 35, 25, 6, 1, 0, 0, 0, 0),
(5, '2013-02-18', 30, 7, 3, 4, 0, 0, 0, 0),
(6, '2013-02-18', 23, 10, 3, 4, 0, 0, 0, 0),
(7, '2013-02-18', 4, 3, 2, 3, 0, 0, 0, 0),
(8, '2013-02-18', 35, 4, 2, 3, 0, 0, 0, 0),
(9, '2013-02-18', 7, 2, 1, 2, 0, 0, 0, 0),
(10, '2013-02-18', 5, 4, 1, 2, 0, 0, 0, 0),
(11, '2013-02-18', 15, 5, 2, 3, 0, 0, 0, 0),
(12, '2013-02-18', 31, 17, 4, 5, 0, 0, 0, 0),
(13, '2013-02-18', 32, 18, 4, 5, 0, 0, 0, 0),
(14, '2013-02-18', 36, 19, 4, 5, 0, 0, 0, 0),
(15, '2013-02-18', 24, 30, 4, 5, 0, 0, 0, 0),
(16, '2013-02-18', 19, 8, 3, 4, 0, 0, 0, 0),
(18, '2013-02-18', 30, 1, 1, 2, 0, 0, 0, 0),
(19, '2013-02-18', 9, 20, 6, 2, 0, 0, 0, 0),
(20, '2013-02-18', 34, 21, 6, 2, 0, 0, 0, 0),
(21, '2013-02-18', 8, 26, 6, 1, 0, 0, 0, 0),
(22, '2013-02-18', 26, 27, 6, 1, 0, 0, 0, 0),
(23, '2013-02-18', 35, 28, 5, 2, 0, 0, 0, 0),
(24, '2013-02-18', 31, 29, 5, 2, 0, 0, 0, 0),
(25, '2013-02-18', 8, 30, 5, 1, 0, 0, 0, 0),
(26, '2013-02-18', 30, 31, 5, 1, 0, 0, 0, 0),
(27, '2013-02-25', 35, 1, 1, 2, 0, 0, 0, 0),
(28, '2013-02-25', 31, 2, 1, 2, 0, 0, 0, 0),
(29, '2013-02-25', 34, 4, 1, 2, 0, 0, 0, 0),
(30, '2013-02-25', 8, 3, 2, 3, 0, 0, 0, 0),
(31, '2013-02-25', 34, 4, 2, 3, 0, 0, 0, 0),
(32, '2013-02-25', 15, 5, 2, 3, 0, 0, 0, 0),
(33, '2013-02-25', 1, 7, 3, 4, 0, 0, 0, 0),
(34, '2013-02-25', 17, 8, 3, 4, 0, 0, 0, 0),
(35, '2013-02-25', 10, 9, 3, 4, 0, 0, 0, 0),
(36, '2013-02-25', 32, 10, 3, 4, 0, 0, 0, 0),
(37, '2013-02-25', 4, 17, 4, 5, 0, 0, 0, 0),
(38, '2013-02-25', 5, 18, 4, 5, 0, 0, 0, 0),
(39, '2013-02-25', 3, 19, 4, 5, 0, 0, 0, 0),
(40, '2013-02-25', 2, 32, 4, 5, 0, 0, 0, 0),
(41, '2013-02-25', 32, 28, 5, 2, 0, 0, 0, 0),
(42, '2013-02-25', 8, 29, 5, 2, 0, 0, 0, 0),
(43, '2013-02-25', 31, 30, 5, 1, 0, 0, 0, 0),
(44, '2013-02-25', 35, 31, 5, 1, 0, 0, 0, 0),
(45, '2013-02-25', 30, 20, 6, 2, 0, 0, 0, 0),
(46, '2013-02-25', 15, 21, 6, 2, 0, 0, 0, 0),
(47, '2013-02-25', 2, 22, 6, 2, 0, 0, 0, 0),
(48, '2013-02-25', 6, 23, 6, 2, 0, 0, 0, 0),
(49, '2013-02-25', 6, 24, 6, 1, 0, 0, 0, 0),
(50, '2013-02-25', 30, 25, 6, 1, 0, 0, 0, 0),
(51, '2013-02-25', 20, 26, 6, 1, 0, 0, 0, 0),
(52, '2013-02-25', 33, 27, 6, 1, 0, 0, 0, 0),
(57, '2013-03-04', 35, 7, 3, 4, 0, 0, 0, 0),
(58, '2013-03-04', 53, 8, 3, 4, 0, 0, 0, 0),
(61, '2013-03-18', 34, 7, 3, 4, 0, 0, 0, 0),
(62, '2013-03-18', 71, 8, 3, 4, 0, 0, 0, 0),
(63, '2013-03-18', 72, 9, 3, 4, 0, 0, 0, 0),
(64, '2013-03-18', 74, 10, 3, 4, 0, 0, 0, 0),
(65, '2013-03-25', 77, 9, 3, 4, 0, 0, 0, 0),
(67, '2013-03-25', 34, 2, 1, 2, 0, 0, 0, 0),
(68, '2013-03-25', 4, 4, 1, 2, 0, 0, 0, 0),
(69, '2013-03-18', 7, 3, 2, 3, 0, 0, 0, 0),
(70, '2013-03-18', 1, 4, 2, 3, 0, 0, 0, 0),
(71, '2013-03-18', 53, 5, 2, 3, 0, 0, 0, 0),
(76, '2013-04-01', 51, 10, 3, 4, 0, 0, 0, 0),
(78, '2013-04-01', 2, 8, 3, 4, 0, 0, 0, 0),
(79, '2013-04-01', 1, 7, 3, 4, 0, 0, 0, 0),
(80, '2013-03-18', 30, 17, 4, 5, 0, 0, 0, 0),
(81, '2013-03-18', 5, 18, 4, 5, 0, 0, 0, 0),
(82, '2013-03-18', 4, 19, 4, 5, 0, 0, 0, 0),
(83, '2013-03-18', 32, 32, 4, 5, 0, 0, 0, 0),
(84, '2013-03-04', 34, 28, 5, 2, 0, 0, 0, 0),
(85, '2013-03-04', 2, 29, 5, 2, 0, 0, 0, 0),
(86, '2013-03-04', 30, 30, 5, 1, 0, 0, 0, 0),
(87, '2013-03-04', 24, 31, 5, 1, 0, 0, 0, 0),
(88, '2013-03-18', 18, 20, 6, 2, 0, 0, 0, 0),
(89, '2013-03-18', 34, 24, 6, 1, 0, 0, 0, 0),
(90, '2013-03-18', 1, 25, 6, 1, 0, 0, 0, 0),
(91, '2013-03-18', 26, 26, 6, 1, 0, 0, 0, 0),
(92, '2013-03-18', 24, 27, 6, 1, 0, 0, 0, 0),
(93, '2013-03-18', 2, 21, 6, 2, 0, 0, 0, 0),
(94, '2013-03-18', 30, 22, 6, 2, 0, 0, 0, 0),
(95, '2013-03-18', 46, 23, 6, 2, 0, 0, 0, 0),
(96, '2013-03-04', 3, 1, 1, 2, 0, 0, 0, 0),
(97, '2013-03-04', 30, 2, 1, 2, 0, 0, 0, 0),
(98, '2013-03-04', 8, 4, 1, 2, 0, 0, 0, 0),
(99, '2013-03-04', 9, 20, 6, 2, 0, 0, 0, 0),
(100, '2013-03-04', 31, 21, 6, 2, 0, 0, 0, 0),
(101, '2013-03-04', 20, 22, 6, 2, 0, 0, 0, 0),
(102, '2013-03-04', 18, 23, 6, 2, 0, 0, 0, 0),
(103, '2013-03-04', 24, 24, 6, 1, 0, 0, 0, 0),
(104, '2013-03-04', 46, 25, 6, 1, 0, 0, 0, 0),
(105, '2013-03-04', 45, 26, 6, 1, 0, 0, 0, 0),
(106, '2013-03-04', 13, 27, 6, 1, 0, 0, 0, 0),
(107, '2013-03-04', 7, 3, 2, 3, 0, 0, 0, 0),
(108, '2013-03-04', 19, 4, 2, 3, 0, 0, 0, 0),
(109, '2013-03-04', 30, 5, 2, 3, 0, 0, 0, 0),
(110, '2013-03-04', 34, 17, 4, 5, 0, 0, 0, 0),
(111, '2013-03-04', 2, 18, 4, 5, 0, 0, 0, 0),
(112, '2013-03-04', 35, 19, 4, 5, 0, 0, 0, 0),
(113, '2013-03-04', 6, 32, 4, 5, 0, 0, 0, 0),
(114, '2013-03-25', 7, 7, 3, 4, 0, 0, 0, 0),
(115, '2013-03-25', 76, 8, 3, 4, 0, 0, 0, 0),
(117, '2013-03-25', 8, 3, 2, 3, 0, 0, 0, 0),
(118, '2013-03-25', 30, 4, 2, 3, 0, 0, 0, 0),
(119, '2013-03-25', 33, 5, 2, 3, 0, 0, 0, 0),
(120, '2013-04-22', 34, 7, 3, 4, 0, 0, 0, 0),
(121, '2013-04-22', 106, 8, 3, 4, 0, 0, 0, 0),
(122, '2013-04-22', 97, 9, 3, 4, 0, 0, 0, 0),
(124, '2013-04-22', 4, 17, 4, 5, 0, 0, 0, 0),
(125, '2013-04-22', 7, 18, 4, 5, 0, 0, 0, 0),
(126, '2013-04-22', 1, 19, 4, 5, 0, 0, 0, 0),
(127, '2013-04-22', 33, 32, 4, 5, 0, 0, 0, 0),
(128, '2013-04-01', 5, 3, 1, 2, 0, 0, 0, 0),
(129, '2013-04-01', 3, 1, 1, 2, 0, 0, 0, 0),
(130, '2013-04-08', 50, 1, 1, 2, 0, 0, 0, 0),
(131, '2013-04-15', 49, 1, 1, 2, 0, 0, 0, 0),
(132, '2013-04-22', 48, 1, 1, 2, 0, 0, 0, 0),
(133, '2013-04-22', 8, 2, 1, 2, 0, 0, 0, 0),
(134, '2013-04-22', 5, 4, 1, 2, 0, 0, 0, 0),
(135, '2013-04-01', 7, 2, 1, 2, 0, 0, 0, 0),
(136, '2013-04-01', 51, 4, 1, 2, 0, 0, 0, 0),
(137, '2013-04-08', 32, 2, 1, 2, 0, 0, 0, 0),
(138, '2013-04-08', 31, 4, 1, 2, 0, 0, 0, 0),
(139, '2013-04-15', 33, 2, 1, 2, 0, 0, 0, 0),
(140, '2013-04-15', 30, 4, 1, 2, 0, 0, 0, 0),
(141, '2013-04-29', 47, 1, 1, 2, 0, 0, 0, 0),
(142, '2013-04-29', 7, 2, 1, 2, 0, 0, 0, 0),
(143, '2013-04-29', 4, 4, 1, 2, 0, 0, 0, 0),
(144, '2013-04-08', 3, 3, 2, 3, 0, 0, 0, 0),
(145, '2013-04-08', 51, 4, 2, 3, 0, 0, 0, 0),
(146, '2013-04-08', 32, 5, 2, 3, 0, 0, 0, 0),
(147, '2013-04-15', 7, 3, 2, 3, 0, 0, 0, 0),
(148, '2013-04-15', 30, 4, 2, 3, 0, 0, 0, 0),
(149, '2013-04-15', 6, 5, 2, 3, 0, 0, 0, 0),
(150, '2013-04-22', 5, 3, 2, 3, 0, 0, 0, 0),
(151, '2013-04-22', 31, 4, 2, 3, 0, 0, 0, 0),
(152, '2013-04-22', 30, 5, 2, 3, 0, 0, 0, 0),
(153, '2013-04-29', 8, 3, 2, 3, 0, 0, 0, 0),
(154, '2013-04-29', 3, 4, 2, 3, 0, 0, 0, 0),
(155, '2013-04-29', 53, 5, 2, 3, 0, 0, 0, 0),
(156, '2013-05-06', 4, 3, 2, 3, 0, 0, 0, 0),
(157, '2013-05-06', 5, 4, 2, 3, 0, 0, 0, 0),
(158, '2013-05-06', 54, 5, 2, 3, 0, 0, 0, 0),
(159, '2013-05-06', 55, 1, 1, 2, 0, 0, 0, 0),
(160, '2013-05-06', 31, 2, 1, 2, 0, 0, 0, 0),
(161, '2013-05-06', 34, 4, 1, 2, 0, 0, 0, 0),
(162, '2013-04-08', 8, 17, 4, 5, 0, 0, 0, 0),
(163, '2013-04-08', 30, 18, 4, 5, 0, 0, 0, 0),
(164, '2013-04-08', 34, 19, 4, 5, 0, 0, 0, 0),
(166, '2013-04-15', 31, 17, 4, 5, 0, 0, 0, 0),
(167, '2013-04-15', 35, 18, 4, 5, 0, 0, 0, 0),
(168, '2013-04-15', 5, 19, 4, 5, 0, 0, 0, 0),
(169, '2013-04-15', 51, 32, 4, 5, 0, 0, 0, 0),
(170, '2013-04-29', 31, 17, 4, 5, 0, 0, 0, 0),
(171, '2013-04-29', 5, 18, 4, 5, 0, 0, 0, 0),
(172, '2013-04-29', 30, 19, 4, 5, 0, 0, 0, 0),
(173, '2013-04-29', 56, 32, 4, 5, 0, 0, 0, 0),
(174, '2013-05-06', 34, 17, 4, 5, 0, 0, 0, 0),
(175, '2013-05-06', 3, 18, 4, 5, 0, 0, 0, 0),
(176, '2013-05-06', 7, 19, 4, 5, 0, 0, 0, 0),
(177, '2013-05-06', 1, 32, 4, 5, 0, 0, 0, 0),
(178, '2013-03-04', 66, 9, 3, 4, 0, 0, 0, 0),
(179, '2013-03-04', 32, 10, 3, 4, 0, 0, 0, 0),
(180, '2013-04-15', 3, 7, 3, 4, 0, 0, 0, 0),
(181, '2013-04-15', 104, 8, 3, 4, 0, 0, 0, 0),
(182, '2013-04-15', 105, 9, 3, 4, 0, 0, 0, 0),
(183, '2013-04-15', 95, 10, 3, 4, 0, 0, 0, 0),
(185, '2013-05-06', 30, 7, 3, 4, 0, 0, 0, 0),
(186, '2013-05-06', 99, 8, 3, 4, 0, 0, 0, 0),
(187, '2013-05-06', 100, 9, 3, 4, 0, 0, 0, 0),
(188, '2013-05-06', 6, 10, 3, 4, 0, 0, 0, 0),
(189, '2013-03-04', 5, 3, 1, 2, 0, 0, 0, 0),
(199, '2013-03-11', 8, 1, 1, 2, 0, 0, 0, 0),
(200, '2013-03-11', 35, 2, 1, 2, 0, 0, 0, 0),
(201, '2013-03-11', 4, 4, 1, 2, 0, 0, 0, 0),
(202, '2013-03-11', 2, 3, 1, 2, 0, 0, 0, 0),
(203, '2013-03-11', 30, 7, 3, 4, 0, 0, 0, 0),
(204, '2013-03-11', 83, 8, 3, 4, 0, 0, 0, 0),
(205, '2013-03-11', 68, 9, 3, 4, 0, 0, 0, 0),
(206, '2013-03-11', 70, 10, 3, 4, 0, 0, 0, 0),
(207, '2013-03-25', 79, 10, 3, 4, 0, 0, 0, 0),
(208, '2013-04-01', 81, 9, 3, 4, 0, 0, 0, 0),
(209, '2013-03-11', 8, 17, 4, 5, 0, 0, 0, 0),
(210, '2013-03-11', 7, 18, 4, 5, 0, 0, 0, 0),
(211, '2013-03-11', 3, 19, 4, 5, 0, 0, 0, 0),
(212, '2013-03-11', 6, 32, 4, 5, 0, 0, 0, 0),
(213, '2013-03-25', 34, 17, 4, 5, 0, 0, 0, 0),
(214, '2013-03-25', 4, 18, 4, 5, 0, 0, 0, 0),
(215, '2013-03-25', 84, 32, 4, 5, 0, 0, 0, 0),
(216, '2013-04-01', 35, 17, 4, 5, 0, 0, 0, 0),
(217, '2013-04-01', 8, 18, 4, 5, 0, 0, 0, 0),
(218, '2013-04-01', 1, 19, 4, 5, 0, 0, 0, 0),
(219, '2013-04-01', 70, 32, 4, 5, 0, 0, 0, 0),
(220, '2013-03-11', 35, 3, 2, 3, 0, 0, 0, 0),
(221, '2013-03-11', 51, 4, 2, 3, 0, 0, 0, 0),
(222, '2013-03-11', 85, 5, 2, 3, 0, 0, 0, 0),
(223, '2013-04-01', 5, 3, 2, 3, 0, 0, 0, 0),
(224, '2013-04-01', 31, 4, 2, 3, 0, 0, 0, 0),
(225, '2013-04-01', 52, 5, 2, 3, 0, 0, 0, 0),
(226, '2013-03-11', 34, 30, 5, 1, 0, 0, 0, 0),
(252, '2013-05-13', 51, 4, 2, 1, 0, 0, 0, 0),
(253, '2013-05-13', 3, 3, 2, 1, 0, 0, 0, 0),
(254, '2013-05-13', 32, 5, 2, 1, 0, 0, 0, 0),
(257, '2013-04-01', 1, 30, 5, 1, 0, 0, 0, 0),
(258, '2013-05-13', 5, 7, 3, 1, 0, 0, 0, 0),
(259, '2013-05-13', 84, 8, 3, 1, 2, 0, 0, 0),
(260, '2013-05-13', 103, 9, 3, 1, 19, 15, 0, 0),
(261, '2013-05-13', 52, 10, 3, 1, 3, 1, 0, 0),
(262, '2013-05-13', 30, 17, 4, 1, 0, 0, 0, 0),
(263, '2013-05-13', 4, 18, 4, 1, 0, 0, 0, 0),
(264, '2013-05-13', 1, 19, 4, 1, 0, 0, 0, 0),
(265, '2013-05-13', 53, 32, 4, 1, 0, 0, 0, 0),
(266, '2013-05-13', 32, 28, 5, 2, 0, 0, 0, 0),
(267, '2013-05-13', 30, 29, 5, 2, 0, 0, 0, 0),
(268, '2013-05-13', 3, 30, 5, 1, 0, 0, 0, 0),
(269, '2013-05-13', 1, 31, 5, 1, 0, 0, 0, 0),
(270, '2013-05-13', 30, 20, 6, 2, 0, 0, 0, 0),
(271, '2013-05-13', 5, 21, 6, 2, 0, 0, 0, 0),
(272, '2013-05-13', 32, 22, 6, 2, 0, 0, 0, 0),
(273, '2013-05-13', 59, 23, 6, 2, 0, 0, 0, 0),
(274, '2013-05-13', 34, 24, 6, 1, 0, 0, 0, 0),
(275, '2013-05-13', 6, 25, 6, 1, 0, 0, 0, 0),
(276, '2013-05-13', 52, 26, 6, 1, 0, 0, 0, 0),
(277, '2013-05-13', 85, 27, 6, 1, 0, 0, 0, 0),
(278, '2013-05-13', 58, 33, 3, 1, 0, 0, 0, 0),
(286, '2013-05-20', 35, 7, 3, 1, 0, 0, 0, 0),
(287, '2013-05-20', 54, 8, 3, 1, 0, 0, 0, 0),
(288, '2013-05-20', 60, 9, 3, 1, 0, 0, 0, 0),
(289, '2013-05-20', 107, 33, 3, 1, 0, 0, 0, 0),
(290, '2013-05-20', 108, 10, 3, 1, 0, 0, 0, 0),
(291, '2013-05-20', 63, 34, 3, 1, 0, 0, 0, 0),
(293, '2013-03-25', 1, 28, 5, 2, 0, 0, 0, 0),
(294, '2013-05-20', 8, 17, 4, 1, 0, 0, 0, 0),
(301, '2013-05-13', 87, 4, 1, 2, 0, 0, 0, 0),
(302, '0000-00-00', 87, 17, 4, 1, 0, 0, 0, 0),
(303, '0000-00-00', 7, 17, 4, 1, 0, 0, 0, 0),
(304, '0000-00-00', 87, 18, 4, 1, 0, 0, 0, 0),
(305, '0000-00-00', 87, 19, 4, 1, 0, 0, 0, 0),
(309, '2013-05-20', 33, 30, 5, 1, 0, 0, 0, 0),
(312, '2013-05-20', 6, 24, 6, 1, 0, 0, 0, 0),
(317, '2013-04-01', 88, 33, 3, 1, 0, 0, 0, 0),
(318, '2013-04-08', 8, 7, 3, 1, 0, 0, 0, 0),
(319, '2013-04-08', 89, 8, 3, 1, 0, 0, 0, 0),
(320, '2013-04-08', 90, 9, 3, 1, 0, 0, 0, 0),
(321, '2013-04-08', 91, 33, 3, 1, 0, 0, 0, 0),
(322, '2013-04-08', 93, 10, 3, 1, 0, 0, 0, 0),
(323, '2013-04-08', 92, 34, 3, 1, 0, 0, 0, 0),
(324, '2013-04-15', 94, 33, 3, 1, 0, 0, 0, 0),
(325, '2013-04-15', 96, 34, 3, 1, 0, 0, 0, 0),
(326, '2013-04-22', 98, 33, 3, 1, 0, 0, 0, 0),
(327, '2013-04-22', 85, 10, 3, 1, 0, 0, 0, 0),
(328, '2013-05-06', 101, 33, 3, 1, 0, 0, 0, 0),
(329, '2013-05-20', 7, 3, 2, 1, 0, 0, 0, 0),
(330, '2013-05-20', 30, 4, 2, 1, 0, 0, 0, 0),
(331, '2013-05-20', 85, 5, 2, 1, 0, 0, 0, 0),
(332, '2013-06-03', 4, 3, 2, 1, 0, 0, 0, 0),
(333, '2013-06-03', 5, 4, 2, 1, 0, 0, 0, 0),
(334, '2013-06-03', 52, 5, 2, 1, 0, 0, 0, 0),
(335, '2013-05-20', 31, 18, 4, 1, 0, 0, 0, 0),
(336, '2013-05-20', 5, 19, 4, 1, 0, 0, 0, 0),
(337, '2013-05-20', 6, 32, 4, 1, 0, 0, 0, 0),
(338, '2013-06-03', 34, 17, 4, 1, 0, 0, 0, 0),
(339, '2013-06-03', 7, 18, 4, 1, 0, 0, 0, 0),
(340, '2013-06-03', 35, 19, 4, 1, 0, 0, 0, 0),
(341, '2013-06-03', 33, 32, 4, 1, 0, 0, 0, 0),
(343, '2013-06-03', 10, 33, 3, 1, 7, 28, 0, 0),
(344, '2013-04-01', 84, 26, 6, 1, 0, 0, 0, 0),
(345, '2013-04-01', 32, 27, 6, 1, 0, 0, 0, 0),
(346, '2013-04-01', 109, 24, 6, 1, 0, 0, 0, 0),
(347, '2013-04-01', 59, 25, 6, 1, 0, 0, 0, 0),
(348, '2013-04-01', 52, 22, 6, 2, 0, 0, 0, 0),
(349, '2013-04-01', 70, 23, 6, 2, 0, 0, 0, 0),
(350, '2013-04-01', 6, 20, 6, 2, 0, 0, 0, 0),
(351, '2013-04-01', 31, 21, 6, 2, 0, 0, 0, 0),
(352, '2013-04-08', 85, 26, 6, 1, 0, 0, 0, 0),
(353, '2013-04-08', 106, 27, 6, 1, 0, 0, 0, 0),
(354, '2013-04-08', 84, 24, 6, 1, 0, 0, 0, 0),
(355, '2013-04-08', 1, 25, 6, 1, 0, 0, 0, 0),
(356, '2013-04-08', 30, 22, 6, 2, 0, 0, 0, 0),
(357, '2013-04-08', 6, 23, 6, 2, 0, 0, 0, 0),
(358, '2013-04-08', 31, 20, 6, 2, 0, 0, 0, 0),
(359, '2013-04-08', 109, 21, 6, 2, 0, 0, 0, 0),
(360, '2013-04-15', 109, 26, 6, 1, 0, 0, 0, 0),
(361, '2013-04-15', 59, 27, 6, 1, 0, 0, 0, 0),
(362, '2013-04-15', 5, 24, 6, 1, 0, 0, 0, 0),
(363, '2013-04-15', 6, 25, 6, 1, 0, 0, 0, 0),
(364, '2013-04-15', 106, 22, 6, 2, 0, 0, 0, 0),
(365, '2013-04-15', 70, 23, 6, 2, 0, 0, 0, 0),
(366, '2013-04-15', 109, 20, 6, 2, 0, 0, 0, 0),
(367, '2013-04-15', 89, 21, 6, 2, 0, 0, 0, 0),
(368, '2013-04-22', 89, 26, 6, 1, 0, 0, 0, 0),
(369, '2013-04-22', 85, 27, 6, 1, 0, 0, 0, 0),
(370, '2013-04-22', 84, 24, 6, 1, 0, 0, 0, 0),
(371, '2013-04-22', 31, 25, 6, 1, 0, 0, 0, 0),
(372, '2013-04-22', 30, 22, 6, 2, 0, 0, 0, 0),
(373, '2013-04-22', 84, 23, 6, 2, 0, 0, 0, 0),
(374, '2013-04-22', 31, 20, 6, 2, 0, 0, 0, 0),
(375, '2013-04-22', 34, 21, 6, 2, 0, 0, 0, 0),
(376, '2013-04-29', 109, 26, 6, 1, 0, 0, 0, 0),
(377, '2013-04-29', 59, 27, 6, 1, 0, 0, 0, 0),
(378, '2013-04-29', 6, 24, 6, 1, 0, 0, 0, 0),
(379, '2013-04-29', 106, 25, 6, 1, 0, 0, 0, 0),
(380, '2013-04-29', 106, 22, 6, 2, 0, 0, 0, 0),
(381, '2013-04-29', 89, 23, 6, 2, 0, 0, 0, 0),
(382, '2013-04-29', 85, 21, 6, 2, 0, 0, 0, 0),
(383, '2013-04-29', 5, 20, 6, 2, 0, 0, 0, 0),
(384, '2013-03-25', 59, 26, 6, 1, 0, 0, 0, 0),
(385, '2013-03-25', 106, 27, 6, 1, 0, 0, 0, 0),
(386, '2013-03-25', 84, 24, 6, 1, 0, 0, 0, 0),
(387, '2013-03-25', 6, 25, 6, 1, 0, 0, 0, 0),
(388, '2013-03-25', 6, 22, 6, 2, 0, 0, 0, 0),
(389, '2013-03-25', 89, 23, 6, 2, 0, 0, 0, 0),
(390, '2013-03-25', 30, 20, 6, 2, 0, 0, 0, 0),
(391, '2013-03-25', 34, 21, 6, 2, 0, 0, 0, 0),
(392, '2013-05-06', 31, 26, 6, 1, 0, 0, 0, 0),
(393, '2013-05-06', 6, 27, 6, 1, 0, 0, 0, 0),
(394, '2013-05-06', 30, 24, 6, 1, 0, 0, 0, 0),
(395, '2013-05-06', 84, 25, 6, 1, 0, 0, 0, 0),
(396, '2013-05-06', 1, 22, 6, 2, 0, 0, 0, 0),
(397, '2013-05-06', 30, 23, 6, 2, 0, 0, 0, 0),
(398, '2013-05-06', 109, 20, 6, 2, 0, 0, 0, 0),
(399, '2013-05-06', 70, 21, 6, 2, 0, 0, 0, 0),
(400, '2013-05-20', 109, 26, 6, 1, 0, 0, 0, 0),
(401, '2013-05-20', 70, 27, 6, 1, 0, 0, 0, 0),
(402, '2013-05-20', 1, 25, 6, 1, 0, 0, 0, 0),
(403, '2013-05-20', 84, 22, 6, 2, 0, 0, 0, 0),
(404, '2013-05-20', 34, 23, 6, 2, 0, 0, 0, 0),
(405, '2013-05-20', 5, 20, 6, 2, 0, 0, 0, 0),
(406, '2013-05-20', 32, 21, 6, 2, 0, 0, 0, 0),
(415, '2013-06-03', 59, 26, 6, 1, 0, 0, 0, 0),
(416, '2013-06-03', 52, 27, 6, 1, 0, 0, 0, 0),
(417, '2013-06-03', 30, 24, 6, 1, 0, 0, 0, 0),
(418, '2013-06-03', 1, 25, 6, 1, 0, 0, 0, 0),
(419, '2013-06-03', 89, 22, 6, 2, 0, 0, 0, 0),
(420, '2013-06-03', 85, 23, 6, 2, 0, 0, 0, 0),
(421, '2013-06-03', 6, 20, 6, 2, 0, 0, 0, 0),
(422, '2013-06-03', 31, 21, 6, 2, 0, 0, 0, 0),
(423, '2013-04-29', 1, 30, 5, 1, 0, 0, 0, 0),
(424, '2013-04-29', 32, 31, 5, 1, 0, 0, 0, 0),
(425, '2013-04-29', 31, 28, 5, 2, 0, 0, 0, 0),
(426, '2013-04-29', 35, 29, 5, 2, 0, 0, 0, 0),
(427, '2013-05-06', 4, 30, 5, 1, 0, 0, 0, 0),
(428, '2013-05-06', 5, 31, 5, 1, 0, 0, 0, 0),
(429, '2013-05-06', 7, 28, 5, 2, 0, 0, 0, 0),
(430, '2013-05-06', 34, 29, 5, 2, 0, 0, 0, 0),
(431, '2013-05-20', 31, 31, 5, 1, 0, 0, 0, 0),
(432, '2013-05-20', 5, 28, 5, 2, 0, 0, 0, 0),
(433, '2013-05-20', 35, 29, 5, 2, 0, 0, 0, 0),
(438, '2013-06-03', 3, 30, 5, 1, 0, 0, 0, 0),
(439, '2013-06-03', 1, 31, 5, 1, 0, 0, 0, 0),
(440, '2013-06-03', 31, 28, 5, 2, 0, 0, 0, 0),
(441, '2013-06-03', 32, 29, 5, 2, 0, 0, 0, 0),
(442, '2013-03-25', 5, 30, 5, 1, 0, 0, 0, 0),
(443, '2013-03-25', 32, 31, 5, 1, 0, 0, 0, 0),
(444, '2013-04-01', 4, 31, 5, 1, 0, 0, 0, 0),
(448, '2013-05-20', 1, 2, 1, 2, 0, 0, 0, 0),
(449, '2013-05-20', 51, 4, 1, 2, 0, 0, 0, 0),
(450, '2013-05-20', 8, 1, 1, 2, 0, 0, 0, 0),
(451, '2013-06-10', 34, 2, 1, 2, 0, 0, 0, 0),
(452, '2013-06-10', 35, 4, 1, 2, 0, 0, 0, 0),
(467, '2013-06-03', 65, 9, 3, 1, 1, 1, 0, 0),
(469, '2013-06-24', 7, 17, 4, 1, 0, 0, 0, 0),
(473, '2013-06-17', 67, 9, 3, 1, 1, 0, 0, 0),
(474, '2013-06-17', 62, 33, 3, 1, 0, 0, 0, 0),
(491, '2013-06-03', 8, 7, 3, 1, 0, 0, 0, 0),
(492, '2013-06-03', 59, 8, 3, 1, 1, 0, 0, 0),
(493, '2013-06-03', 56, 10, 3, 1, 1, 0, 0, 0),
(494, '2013-06-10', 1, 17, 4, 1, 0, 0, 0, 0),
(495, '2013-06-10', 7, 18, 4, 1, 0, 0, 0, 0),
(496, '2013-06-10', 5, 19, 4, 1, 0, 0, 0, 0),
(497, '2013-06-10', 85, 32, 4, 1, 0, 0, 0, 0),
(498, '2013-06-17', 30, 17, 4, 1, 0, 0, 0, 0),
(499, '2013-06-17', 3, 18, 4, 1, 0, 0, 0, 0),
(500, '2013-06-17', 34, 19, 4, 1, 0, 0, 0, 0),
(501, '2013-06-17', 53, 32, 4, 1, 0, 0, 0, 0),
(502, '2013-06-24', 1, 18, 4, 1, 0, 0, 0, 0),
(503, '2013-06-24', 35, 19, 4, 1, 0, 0, 0, 0),
(504, '2013-06-24', 70, 32, 4, 1, 0, 0, 0, 0),
(505, '2013-07-01', 8, 17, 4, 1, 0, 0, 0, 0),
(506, '2013-07-01', 4, 18, 4, 1, 0, 0, 0, 0),
(507, '2013-07-01', 5, 19, 4, 1, 0, 0, 0, 0),
(508, '2013-07-01', 3, 32, 4, 1, 0, 0, 0, 0),
(509, '2013-06-10', 35, 3, 2, 1, 0, 0, 0, 0),
(510, '2013-06-10', 34, 4, 2, 1, 0, 0, 0, 0),
(511, '2013-06-10', 33, 5, 2, 1, 0, 0, 0, 0),
(512, '2013-06-17', 8, 3, 2, 1, 0, 0, 0, 0),
(513, '2013-06-17', 4, 4, 2, 1, 0, 0, 0, 0),
(514, '2013-06-17', 52, 5, 2, 1, 0, 0, 0, 0),
(515, '2013-06-24', 5, 3, 2, 1, 0, 0, 0, 0),
(516, '2013-06-24', 51, 4, 2, 1, 0, 0, 0, 0),
(517, '2013-06-24', 6, 5, 2, 1, 0, 0, 0, 0),
(518, '2013-07-01', 7, 3, 2, 1, 0, 0, 0, 0),
(519, '2013-07-01', 34, 4, 2, 1, 0, 0, 0, 0),
(520, '2013-07-01', 53, 5, 2, 1, 0, 0, 0, 0),
(521, '2013-06-03', 30, 2, 1, 2, 0, 0, 0, 0),
(522, '2013-06-03', 7, 4, 1, 2, 0, 0, 0, 0),
(523, '2013-07-08', 5, 2, 1, 2, 0, 0, 0, 0),
(524, '2013-07-08', 1, 4, 1, 2, 0, 0, 0, 0),
(525, '2013-07-08', 8, 6, 1, 2, 0, 0, 9, 128),
(528, '2013-06-03', 3, 6, 1, 2, 0, 0, 0, 0),
(529, '2013-06-17', 8, 2, 1, 2, 0, 0, 0, 0),
(530, '2013-06-17', 5, 4, 1, 2, 0, 0, 0, 0),
(531, '2013-06-17', 4, 6, 1, 2, 0, 0, 10, 36),
(532, '2013-06-24', 4, 2, 1, 2, 0, 0, 0, 0),
(533, '2013-06-24', 51, 4, 1, 2, 0, 0, 0, 0),
(534, '2013-06-24', 7, 6, 1, 2, 0, 0, 10, 102),
(535, '2013-07-01', 30, 6, 1, 2, 0, 0, 9, 4),
(536, '2013-06-10', 3, 7, 3, 1, 0, 0, 0, 0),
(537, '2013-06-10', 57, 8, 3, 1, 0, 0, 0, 0),
(538, '2013-06-10', 110, 9, 3, 1, 1, 0, 0, 0),
(539, '2013-06-10', 64, 33, 3, 1, 0, 0, 0, 0),
(540, '2013-06-10', 63, 10, 3, 1, 17, 0, 0, 0),
(541, '2013-06-10', 61, 34, 3, 1, 0, 0, 0, 0),
(542, '2013-06-17', 1, 7, 3, 1, 0, 0, 0, 0),
(543, '2013-06-17', 111, 8, 3, 1, 13, 0, 0, 0),
(544, '2013-06-17', 53, 10, 3, 1, 26, 0, 0, 0),
(545, '2013-06-24', 8, 7, 3, 1, 0, 0, 0, 0),
(546, '2013-07-01', 4, 7, 3, 1, 0, 0, 0, 0),
(547, '2013-07-01', 33, 8, 3, 1, 17, 0, 0, 0),
(548, '2013-07-01', 66, 9, 3, 1, 6, 0, 0, 0),
(549, '2013-07-01', 68, 33, 3, 1, 0, 0, 0, 0),
(550, '2013-07-01', 32, 10, 3, 1, 49, 0, 0, 0),
(551, '2013-07-08', 7, 7, 3, 1, 0, 0, 0, 0),
(552, '2013-07-08', 70, 8, 3, 1, 7, 0, 0, 0),
(553, '2013-07-08', 69, 9, 3, 1, 12, 0, 0, 0),
(554, '2013-07-08', 73, 33, 3, 1, 0, 0, 0, 0),
(555, '2013-07-08', 31, 10, 3, 1, 32, 0, 0, 0),
(556, '2013-07-15', 34, 7, 3, 1, 0, 0, 0, 0),
(557, '2013-07-15', 76, 8, 3, 1, 4, 0, 0, 0),
(558, '2013-07-15', 72, 9, 3, 1, 13, 0, 0, 0),
(559, '2013-07-15', 75, 33, 3, 1, 0, 0, 0, 0),
(560, '2013-07-15', 71, 10, 3, 1, 1, 0, 0, 0),
(561, '2013-07-22', 30, 7, 3, 1, 0, 0, 0, 0),
(562, '2013-07-22', 83, 8, 3, 1, 6, 0, 0, 0),
(563, '2013-07-22', 74, 9, 3, 1, 34, 0, 0, 0),
(564, '2013-07-22', 81, 33, 3, 1, 0, 0, 0, 0),
(565, '2013-07-22', 80, 10, 3, 1, 3, 0, 0, 0),
(566, '2013-07-22', 77, 34, 3, 1, 0, 0, 0, 0),
(567, '2013-07-29', 5, 7, 3, 1, 0, 0, 0, 0),
(568, '2013-07-29', 51, 8, 3, 1, 7, 0, 0, 0),
(569, '2013-07-29', 93, 9, 3, 1, 24, 0, 0, 0),
(570, '2013-07-29', 79, 33, 3, 1, 0, 0, 0, 0),
(571, '2013-07-29', 2, 10, 3, 1, 12, 0, 0, 0),
(572, '2013-07-29', 30, 6, 1, 2, 0, 0, 10, 11),
(573, '2013-07-01', 1, 2, 1, 2, 0, 0, 0, 0),
(574, '2013-07-01', 4, 4, 1, 2, 0, 0, 0, 0),
(575, '2013-07-15', 7, 2, 1, 2, 0, 0, 0, 0),
(576, '2013-07-15', 34, 4, 1, 2, 0, 0, 0, 0),
(577, '2013-07-22', 35, 2, 1, 2, 0, 0, 0, 0),
(578, '2013-07-22', 30, 4, 1, 2, 0, 0, 0, 0),
(579, '2013-07-29', 8, 2, 1, 2, 0, 0, 0, 0),
(580, '2013-07-29', 51, 4, 1, 2, 0, 0, 0, 0),
(581, '2013-08-05', 8, 6, 1, 2, 0, 0, 7, 165),
(582, '2013-08-12', 7, 6, 1, 2, 0, 0, 7, 71),
(583, '2013-08-19', 35, 6, 1, 2, 0, 0, 7, 98),
(584, '2013-08-26', 1, 6, 1, 2, 0, 0, 10, 179),
(585, '2013-07-08', 30, 17, 4, 1, 0, 0, 0, 0),
(586, '2013-07-08', 4, 18, 4, 1, 0, 0, 0, 0),
(587, '2013-07-08', 35, 19, 4, 1, 0, 0, 0, 0),
(588, '2013-07-08', 85, 32, 4, 1, 0, 0, 0, 0),
(589, '2013-07-15', 1, 17, 4, 1, 0, 0, 0, 0),
(590, '2013-07-15', 3, 18, 4, 1, 0, 0, 0, 0),
(591, '2013-07-15', 53, 32, 4, 1, 0, 0, 0, 0),
(592, '2013-07-22', 34, 17, 4, 1, 0, 0, 0, 0),
(593, '2013-07-22', 8, 18, 4, 1, 0, 0, 0, 0),
(594, '2013-07-22', 1, 32, 4, 1, 0, 0, 0, 0),
(595, '2013-07-29', 35, 17, 4, 1, 0, 0, 0, 0),
(596, '2013-07-29', 4, 18, 4, 1, 0, 0, 0, 0),
(597, '2013-07-29', 30, 19, 4, 1, 0, 0, 0, 0),
(598, '2013-07-29', 70, 32, 4, 1, 0, 0, 0, 0),
(599, '2013-08-05', 5, 17, 4, 1, 0, 0, 0, 0),
(600, '2013-08-05', 7, 18, 4, 1, 0, 0, 0, 0),
(601, '2013-08-05', 1, 19, 4, 1, 0, 0, 0, 0),
(602, '2013-08-05', 32, 32, 4, 1, 0, 0, 0, 0),
(603, '2013-07-08', 8, 3, 2, 1, 0, 0, 0, 0),
(604, '2013-07-08', 7, 4, 2, 1, 0, 0, 0, 0),
(605, '2013-07-08', 6, 5, 2, 1, 0, 0, 0, 0),
(606, '2013-07-15', 5, 3, 2, 1, 0, 0, 0, 0),
(607, '2013-07-15', 51, 4, 2, 1, 0, 0, 0, 0),
(608, '2013-07-15', 33, 5, 2, 1, 0, 0, 0, 0),
(609, '2013-07-22', 7, 3, 2, 1, 0, 0, 0, 0),
(610, '2013-07-22', 30, 4, 2, 1, 0, 0, 0, 0),
(611, '2013-07-22', 5, 5, 2, 1, 0, 0, 0, 0),
(612, '2013-07-29', 3, 3, 2, 1, 0, 0, 0, 0),
(613, '2013-07-29', 34, 4, 2, 1, 0, 0, 0, 0),
(614, '2013-07-29', 52, 5, 2, 1, 0, 0, 0, 0),
(615, '2013-08-05', 4, 3, 2, 1, 0, 0, 0, 0),
(616, '2013-08-05', 3, 4, 2, 1, 0, 0, 0, 0),
(617, '2013-08-05', 89, 5, 2, 1, 0, 0, 0, 0),
(621, '2013-08-12', 3, 3, 2, 1, 0, 0, 0, 0),
(622, '2013-08-12', 4, 4, 2, 1, 0, 0, 0, 0),
(623, '2013-08-12', 6, 5, 2, 1, 0, 0, 0, 0),
(624, '2013-08-19', 8, 3, 2, 1, 0, 0, 0, 0),
(625, '2013-08-19', 30, 4, 2, 1, 0, 0, 0, 0),
(626, '2013-08-19', 53, 5, 2, 1, 0, 0, 0, 0),
(627, '2013-08-26', 5, 3, 2, 1, 0, 0, 0, 0),
(628, '2013-08-26', 34, 4, 2, 1, 0, 0, 0, 0),
(629, '2013-08-26', 85, 5, 2, 1, 0, 0, 0, 0),
(630, '2013-09-02', 7, 3, 2, 1, 0, 0, 0, 0),
(631, '2013-09-02', 51, 4, 2, 1, 0, 0, 0, 0),
(632, '2013-09-02', 3, 5, 2, 1, 0, 0, 0, 0),
(633, '2013-08-12', 33, 17, 4, 1, 0, 0, 0, 0),
(634, '2013-08-12', 35, 18, 4, 1, 0, 0, 0, 0),
(635, '2013-08-12', 30, 19, 4, 1, 0, 0, 0, 0),
(636, '2013-08-12', 31, 32, 4, 1, 0, 0, 0, 0),
(637, '2013-08-19', 34, 17, 4, 1, 0, 0, 0, 0),
(638, '2013-08-19', 8, 18, 4, 1, 0, 0, 0, 0),
(639, '2013-08-19', 7, 19, 4, 1, 0, 0, 0, 0),
(640, '2013-08-19', 52, 32, 4, 1, 0, 0, 0, 0),
(641, '2013-08-26', 1, 17, 4, 1, 0, 0, 0, 0),
(642, '2013-08-26', 3, 18, 4, 1, 0, 0, 0, 0),
(643, '2013-08-26', 4, 19, 4, 1, 0, 0, 0, 0),
(644, '2013-08-26', 70, 32, 4, 1, 0, 0, 0, 0),
(645, '2013-09-02', 34, 17, 4, 1, 0, 0, 0, 0),
(646, '2013-09-02', 5, 18, 4, 1, 0, 0, 0, 0),
(647, '2013-09-02', 30, 19, 4, 1, 0, 0, 0, 0),
(648, '2013-09-02', 89, 32, 4, 1, 0, 0, 0, 0),
(649, '2013-06-17', 4, 30, 5, 1, 0, 0, 0, 0),
(650, '2013-06-17', 3, 31, 5, 1, 0, 0, 0, 0),
(651, '2013-06-17', 35, 29, 5, 2, 0, 0, 0, 0),
(652, '2013-06-17', 1, 28, 5, 2, 0, 0, 0, 0),
(653, '2013-06-24', 32, 30, 5, 1, 0, 0, 0, 0),
(654, '2013-06-24', 5, 31, 5, 1, 0, 0, 0, 0),
(655, '2013-06-24', 4, 28, 5, 2, 0, 0, 0, 0),
(656, '2013-06-24', 30, 29, 5, 2, 0, 0, 0, 0),
(657, '2013-06-17', 6, 24, 6, 1, 0, 0, 0, 0),
(658, '2013-06-17', 84, 25, 6, 1, 0, 0, 0, 0),
(659, '2013-06-17', 70, 26, 6, 1, 0, 0, 0, 0),
(660, '2013-06-17', 85, 27, 6, 1, 0, 0, 0, 0),
(661, '2013-07-01', 33, 30, 5, 1, 0, 0, 0, 0),
(662, '2013-07-01', 1, 31, 5, 1, 0, 0, 0, 0),
(663, '2013-07-01', 31, 28, 5, 2, 0, 0, 0, 0),
(664, '2013-07-01', 7, 29, 5, 2, 0, 0, 0, 0),
(665, '2013-09-09', 8, 17, 4, 1, 0, 0, 0, 0),
(666, '2013-07-08', 3, 30, 5, 1, 0, 0, 0, 0),
(667, '2013-07-08', 6, 31, 5, 1, 0, 0, 0, 0),
(668, '2013-07-08', 35, 28, 5, 2, 0, 0, 0, 0),
(669, '2013-07-08', 30, 29, 5, 2, 0, 0, 0, 0),
(670, '2013-07-15', 5, 30, 5, 1, 0, 0, 0, 0),
(671, '2013-07-15', 4, 31, 5, 1, 0, 0, 0, 0),
(672, '2013-07-15', 34, 28, 5, 2, 0, 0, 0, 0),
(673, '2013-07-15', 1, 29, 5, 2, 0, 0, 0, 0),
(674, '2013-07-22', 7, 30, 5, 1, 0, 0, 0, 0),
(675, '2013-07-22', 32, 31, 5, 1, 0, 0, 0, 0),
(676, '2013-07-22', 33, 28, 5, 2, 0, 0, 0, 0),
(677, '2013-07-22', 31, 29, 5, 2, 0, 0, 0, 0),
(678, '2013-07-29', 4, 30, 5, 1, 0, 0, 0, 0),
(679, '2013-07-29', 34, 31, 5, 1, 0, 0, 0, 0),
(680, '2013-07-29', 5, 28, 5, 2, 0, 0, 0, 0),
(681, '2013-07-29', 1, 29, 5, 2, 0, 0, 0, 0),
(682, '2013-08-05', 3, 30, 5, 1, 0, 0, 0, 0),
(683, '2013-08-05', 30, 31, 5, 1, 0, 0, 0, 0),
(684, '2013-08-05', 35, 28, 5, 2, 0, 0, 0, 0),
(685, '2013-08-05', 32, 29, 5, 2, 0, 0, 0, 0),
(686, '2013-08-12', 7, 30, 5, 1, 0, 0, 0, 0),
(687, '2013-08-12', 33, 31, 5, 1, 0, 0, 0, 0),
(688, '2013-08-12', 30, 28, 5, 2, 0, 0, 0, 0),
(689, '2013-08-12', 6, 29, 5, 2, 0, 0, 0, 0),
(690, '2013-08-19', 1, 30, 5, 1, 0, 0, 0, 0),
(691, '2013-08-19', 32, 31, 5, 1, 0, 0, 0, 0),
(692, '2013-08-19', 31, 28, 5, 2, 0, 0, 0, 0),
(693, '2013-08-19', 33, 29, 5, 2, 0, 0, 0, 0),
(694, '2013-08-26', 5, 30, 5, 1, 0, 0, 0, 0),
(695, '2013-08-26', 4, 31, 5, 1, 0, 0, 0, 0),
(696, '2013-08-26', 35, 28, 5, 2, 0, 0, 0, 0),
(697, '2013-08-26', 1, 29, 5, 2, 0, 0, 0, 0),
(698, '2013-09-02', 3, 30, 5, 1, 0, 0, 0, 0),
(699, '2013-09-02', 30, 31, 5, 1, 0, 0, 0, 0),
(700, '2013-09-02', 32, 28, 5, 2, 0, 0, 0, 0),
(701, '2013-09-02', 4, 29, 5, 2, 0, 0, 0, 0),
(702, '2013-09-09', 7, 30, 5, 1, 0, 0, 0, 0),
(703, '2013-09-09', 1, 31, 5, 1, 0, 0, 0, 0),
(704, '2013-09-09', 5, 28, 5, 2, 0, 0, 0, 0),
(705, '2013-09-09', 33, 29, 5, 2, 0, 0, 0, 0),
(706, '2013-09-16', 31, 30, 5, 1, 0, 0, 0, 0),
(707, '2013-09-16', 34, 31, 5, 1, 0, 0, 0, 0),
(708, '2013-09-16', 1, 28, 5, 2, 0, 0, 0, 0),
(709, '2013-09-16', 35, 29, 5, 2, 0, 0, 0, 0),
(710, '2013-09-23', 5, 30, 5, 1, 0, 0, 0, 0),
(711, '2013-09-23', 32, 31, 5, 1, 0, 0, 0, 0),
(712, '2013-09-23', 31, 28, 5, 2, 0, 0, 0, 0),
(713, '2013-09-23', 30, 29, 5, 2, 0, 0, 0, 0),
(714, '2013-09-30', 33, 30, 5, 1, 0, 0, 0, 0),
(715, '2013-09-30', 1, 31, 5, 1, 0, 0, 0, 0),
(716, '2013-09-30', 4, 28, 5, 2, 0, 0, 0, 0),
(717, '2013-09-30', 5, 29, 5, 2, 0, 0, 0, 0),
(718, '2013-10-07', 30, 30, 5, 1, 0, 0, 0, 0),
(719, '2013-10-07', 3, 31, 5, 1, 0, 0, 0, 0),
(720, '2013-10-07', 7, 28, 5, 2, 0, 0, 0, 0),
(721, '2013-10-07', 1, 29, 5, 2, 0, 0, 0, 0),
(722, '2013-10-14', 31, 30, 5, 1, 0, 0, 0, 0),
(723, '2013-10-14', 5, 31, 5, 1, 0, 0, 0, 0),
(724, '2013-10-14', 34, 28, 5, 2, 0, 0, 0, 0),
(725, '2013-10-14', 4, 29, 5, 2, 0, 0, 0, 0),
(726, '2013-10-21', 1, 30, 5, 1, 0, 0, 0, 0),
(727, '2013-10-21', 7, 31, 5, 1, 0, 0, 0, 0),
(728, '2013-10-21', 30, 28, 5, 2, 0, 0, 0, 0),
(729, '2013-10-21', 32, 29, 5, 2, 0, 0, 0, 0),
(730, '2013-06-24', 52, 26, 6, 1, 0, 0, 0, 0),
(731, '2013-06-24', 84, 27, 6, 1, 0, 0, 0, 0),
(732, '2013-06-24', 30, 24, 6, 1, 0, 0, 0, 0),
(733, '2013-06-24', 6, 25, 6, 1, 0, 0, 0, 0),
(734, '2013-06-24', 59, 22, 6, 2, 0, 0, 0, 0),
(735, '2013-06-24', 6, 23, 6, 2, 0, 0, 0, 0),
(736, '2013-06-24', 5, 20, 6, 2, 0, 0, 0, 0),
(737, '2013-06-24', 85, 21, 6, 2, 0, 0, 0, 0),
(738, '2013-07-01', 106, 26, 6, 1, 0, 0, 0, 0),
(739, '2013-07-01', 89, 27, 6, 1, 0, 0, 0, 0),
(740, '2013-07-01', 6, 24, 6, 1, 0, 0, 0, 0),
(741, '2013-07-01', 84, 25, 6, 1, 0, 0, 0, 0),
(742, '2013-07-01', 59, 22, 6, 2, 0, 0, 0, 0),
(743, '2013-07-01', 52, 23, 6, 2, 0, 0, 0, 0),
(744, '2013-07-01', 31, 20, 6, 2, 0, 0, 0, 0),
(745, '2013-07-01', 5, 21, 6, 2, 0, 0, 0, 0),
(746, '2013-07-08', 70, 26, 6, 1, 0, 0, 0, 0),
(747, '2013-07-08', 84, 27, 6, 1, 0, 0, 0, 0),
(748, '2013-07-08', 5, 24, 6, 1, 0, 0, 0, 0),
(749, '2013-07-08', 6, 25, 6, 1, 0, 0, 0, 0),
(750, '2013-07-08', 89, 22, 6, 2, 0, 0, 0, 0),
(751, '2013-07-08', 59, 23, 6, 2, 0, 0, 0, 0),
(752, '2013-07-08', 84, 20, 6, 2, 0, 0, 0, 0),
(753, '2013-07-08', 85, 21, 6, 2, 0, 0, 0, 0),
(754, '2013-07-15', 52, 26, 6, 1, 0, 0, 0, 0),
(755, '2013-07-15', 32, 27, 6, 1, 0, 0, 0, 0),
(756, '2013-07-15', 31, 24, 6, 1, 0, 0, 0, 0),
(757, '2013-07-15', 6, 25, 6, 1, 0, 0, 0, 0),
(758, '2013-07-15', 84, 22, 6, 2, 0, 0, 0, 0),
(759, '2013-07-15', 106, 23, 6, 2, 0, 0, 0, 0),
(760, '2013-07-15', 30, 20, 6, 2, 0, 0, 0, 0),
(761, '2013-07-15', 85, 21, 6, 2, 0, 0, 0, 0),
(762, '2013-07-22', 106, 26, 6, 1, 0, 0, 0, 0),
(763, '2013-07-22', 85, 27, 6, 1, 0, 0, 0, 0),
(764, '2013-07-22', 6, 24, 6, 1, 0, 0, 0, 0),
(765, '2013-07-22', 32, 25, 6, 1, 0, 0, 0, 0),
(766, '2013-07-22', 32, 22, 6, 2, 0, 0, 0, 0),
(767, '2013-07-22', 6, 23, 6, 2, 0, 0, 0, 0),
(768, '2013-07-22', 5, 20, 6, 2, 0, 0, 0, 0),
(769, '2013-07-22', 89, 21, 6, 2, 0, 0, 0, 0),
(770, '2013-07-29', 52, 26, 6, 1, 0, 0, 0, 0),
(771, '2013-07-29', 89, 27, 6, 1, 0, 0, 0, 0),
(772, '2013-07-29', 6, 24, 6, 1, 0, 0, 0, 0),
(773, '2013-07-29', 30, 25, 6, 1, 0, 0, 0, 0),
(774, '2013-07-29', 32, 22, 6, 2, 0, 0, 0, 0),
(775, '2013-07-29', 84, 23, 6, 2, 0, 0, 0, 0),
(776, '2013-07-29', 31, 20, 6, 2, 0, 0, 0, 0),
(777, '2013-07-29', 70, 21, 6, 2, 0, 0, 0, 0),
(778, '2013-08-05', 59, 26, 6, 1, 0, 0, 0, 0),
(779, '2013-08-05', 70, 27, 6, 1, 0, 0, 0, 0),
(780, '2013-08-05', 84, 24, 6, 1, 0, 0, 0, 0),
(781, '2013-08-05', 6, 25, 6, 1, 0, 0, 0, 0),
(782, '2013-08-05', 32, 22, 6, 2, 0, 0, 0, 0),
(783, '2013-08-05', 89, 23, 6, 2, 0, 0, 0, 0),
(784, '2013-08-05', 5, 20, 6, 2, 0, 0, 0, 0),
(785, '2013-08-05', 85, 21, 6, 2, 0, 0, 0, 0),
(786, '2013-08-12', 52, 26, 6, 1, 0, 0, 0, 0),
(787, '2013-08-12', 70, 27, 6, 1, 0, 0, 0, 0),
(788, '2013-08-12', 6, 24, 6, 1, 0, 0, 0, 0),
(789, '2013-08-12', 31, 25, 6, 1, 0, 0, 0, 0),
(790, '2013-08-12', 84, 22, 6, 2, 0, 0, 0, 0),
(791, '2013-08-12', 32, 23, 6, 2, 0, 0, 0, 0),
(792, '2013-08-12', 31, 20, 6, 2, 0, 0, 0, 0),
(793, '2013-08-12', 59, 21, 6, 2, 0, 0, 0, 0),
(794, '2013-08-19', 85, 26, 6, 1, 0, 0, 0, 0),
(795, '2013-08-19', 89, 27, 6, 1, 0, 0, 0, 0),
(796, '2013-08-19', 84, 24, 6, 1, 0, 0, 0, 0),
(797, '2013-08-19', 106, 25, 6, 1, 0, 0, 0, 0),
(798, '2013-08-19', 32, 22, 6, 2, 0, 0, 0, 0),
(799, '2013-08-19', 6, 23, 6, 2, 0, 0, 0, 0),
(800, '2013-08-19', 31, 20, 6, 2, 0, 0, 0, 0),
(801, '2013-08-19', 84, 21, 6, 2, 0, 0, 0, 0),
(802, '2013-08-26', 52, 26, 6, 1, 0, 0, 0, 0),
(803, '2013-08-26', 59, 27, 6, 1, 0, 0, 0, 0),
(804, '2013-08-26', 5, 24, 6, 1, 0, 0, 0, 0),
(805, '2013-08-26', 6, 25, 6, 1, 0, 0, 0, 0),
(806, '2013-08-26', 106, 22, 6, 2, 0, 0, 0, 0),
(807, '2013-08-26', 70, 23, 6, 2, 0, 0, 0, 0),
(808, '2013-08-26', 84, 20, 6, 2, 0, 0, 0, 0),
(809, '2013-08-26', 85, 21, 6, 2, 0, 0, 0, 0),
(810, '2013-09-02', 89, 26, 6, 1, 0, 0, 0, 0),
(811, '2013-09-02', 85, 27, 6, 1, 0, 0, 0, 0),
(812, '2013-09-02', 84, 24, 6, 1, 0, 0, 0, 0),
(813, '2013-09-02', 31, 25, 6, 1, 0, 0, 0, 0),
(814, '2013-09-02', 6, 22, 6, 2, 0, 0, 0, 0),
(815, '2013-09-02', 84, 23, 6, 2, 0, 0, 0, 0),
(816, '2013-09-02', 31, 20, 6, 2, 0, 0, 0, 0),
(817, '2013-09-02', 89, 21, 6, 2, 0, 0, 0, 0),
(818, '2013-09-09', 32, 26, 6, 1, 0, 0, 0, 0),
(819, '2013-09-09', 59, 27, 6, 1, 0, 0, 0, 0),
(820, '2013-09-09', 6, 24, 6, 1, 0, 0, 0, 0),
(821, '2013-09-09', 84, 25, 6, 1, 0, 0, 0, 0),
(822, '2013-09-09', 106, 22, 6, 2, 0, 0, 0, 0),
(823, '2013-09-09', 89, 23, 6, 2, 0, 0, 0, 0),
(824, '2013-09-09', 5, 20, 6, 2, 0, 0, 0, 0),
(825, '2013-09-09', 85, 21, 6, 2, 0, 0, 0, 0),
(826, '2013-09-16', 30, 26, 6, 1, 0, 0, 0, 0),
(827, '2013-09-16', 6, 27, 6, 1, 0, 0, 0, 0),
(828, '2013-09-16', 31, 24, 6, 1, 0, 0, 0, 0),
(829, '2013-09-16', 84, 25, 6, 1, 0, 0, 0, 0),
(830, '2013-09-16', 70, 22, 6, 2, 0, 0, 0, 0),
(831, '2013-09-16', 30, 23, 6, 2, 0, 0, 0, 0),
(832, '2013-09-16', 6, 20, 6, 2, 0, 0, 0, 0),
(833, '2013-09-16', 85, 21, 6, 2, 0, 0, 0, 0),
(834, '2013-09-23', 52, 26, 6, 1, 0, 0, 0, 0),
(835, '2013-09-23', 85, 27, 6, 1, 0, 0, 0, 0),
(836, '2013-09-23', 5, 24, 6, 1, 0, 0, 0, 0),
(837, '2013-09-23', 6, 25, 6, 1, 0, 0, 0, 0),
(838, '2013-09-23', 32, 22, 6, 2, 0, 0, 0, 0),
(839, '2013-09-23', 59, 23, 6, 2, 0, 0, 0, 0),
(840, '2013-09-23', 6, 20, 6, 2, 0, 0, 0, 0),
(841, '2013-09-23', 5, 21, 6, 2, 0, 0, 0, 0),
(842, '2013-09-30', 84, 26, 6, 1, 0, 0, 0, 0),
(843, '2013-09-30', 70, 27, 6, 1, 0, 0, 0, 0),
(844, '2013-09-30', 6, 24, 6, 1, 0, 0, 0, 0),
(845, '2013-09-30', 1, 25, 6, 1, 0, 0, 0, 0),
(846, '2013-09-30', 84, 22, 6, 2, 0, 0, 0, 0),
(847, '2013-09-30', 52, 23, 6, 2, 0, 0, 0, 0),
(848, '2013-09-30', 5, 20, 6, 2, 0, 0, 0, 0),
(849, '2013-09-30', 32, 21, 6, 2, 0, 0, 0, 0),
(850, '2013-10-07', 52, 26, 6, 1, 0, 0, 0, 0),
(851, '2013-10-07', 85, 27, 6, 1, 0, 0, 0, 0),
(852, '2013-10-07', 31, 24, 6, 1, 0, 0, 0, 0),
(853, '2013-10-07', 106, 25, 6, 1, 0, 0, 0, 0),
(854, '2013-10-07', 84, 22, 6, 2, 0, 0, 0, 0),
(855, '2013-10-07', 32, 23, 6, 2, 0, 0, 0, 0),
(856, '2013-10-07', 84, 20, 6, 2, 0, 0, 0, 0),
(857, '2013-10-07', 89, 21, 6, 2, 0, 0, 0, 0),
(858, '2013-10-14', 59, 26, 6, 1, 0, 0, 0, 0),
(859, '2013-10-14', 52, 27, 6, 1, 0, 0, 0, 0),
(860, '2013-10-14', 5, 24, 6, 1, 0, 0, 0, 0),
(861, '2013-10-14', 106, 25, 6, 1, 0, 0, 0, 0),
(862, '2013-10-14', 89, 22, 6, 2, 0, 0, 0, 0),
(863, '2013-10-14', 85, 23, 6, 2, 0, 0, 0, 0),
(864, '2013-10-14', 6, 20, 6, 2, 0, 0, 0, 0),
(865, '2013-10-14', 31, 21, 6, 2, 0, 0, 0, 0),
(866, '2013-10-21', 6, 26, 6, 1, 0, 0, 0, 0),
(867, '2013-10-21', 32, 27, 6, 1, 0, 0, 0, 0),
(868, '2013-10-21', 5, 24, 6, 1, 0, 0, 0, 0),
(869, '2013-10-21', 59, 25, 6, 1, 0, 0, 0, 0),
(870, '2013-08-05', 8, 7, 3, 1, 32, 0, 0, 0),
(871, '2013-08-05', 104, 8, 3, 1, 6, 0, 0, 0),
(872, '2013-08-05', 88, 9, 3, 1, 24, 0, 0, 0),
(873, '2013-08-05', 91, 33, 3, 1, 0, 0, 0, 0),
(874, '2013-08-05', 89, 10, 3, 1, 20, 0, 0, 0),
(875, '2013-08-12', 1, 7, 3, 1, 23, 0, 0, 0),
(876, '2013-08-12', 85, 8, 3, 1, 16, 0, 0, 0),
(877, '2013-08-12', 112, 9, 3, 1, 1, 0, 0, 0),
(878, '2013-08-12', 105, 33, 3, 1, 0, 0, 0, 0),
(879, '2013-08-12', 90, 10, 3, 1, 11, 0, 0, 0),
(880, '2013-08-12', 96, 34, 3, 1, 0, 0, 0, 0),
(881, '2013-08-19', 35, 7, 3, 1, 29, 0, 0, 0),
(882, '2013-08-19', 106, 8, 3, 1, 1, 0, 0, 0),
(883, '2013-08-19', 97, 9, 3, 1, 20, 0, 0, 0),
(884, '2013-08-19', 103, 33, 3, 1, 0, 0, 0, 0),
(885, '2013-08-19', 95, 10, 3, 1, 26, 0, 0, 0),
(886, '2013-08-19', 94, 34, 3, 1, 0, 0, 0, 0),
(887, '2013-08-26', 7, 7, 3, 1, 32, 0, 0, 0),
(888, '2013-09-02', 3, 7, 3, 1, 8, 0, 0, 0),
(889, '2013-09-02', 6, 8, 3, 1, 1, 0, 0, 0),
(890, '2013-09-02', 98, 9, 3, 1, 12, 0, 0, 0),
(891, '2013-09-02', 58, 33, 3, 1, 0, 0, 0, 0),
(892, '2013-09-02', 84, 10, 3, 1, 33, 0, 0, 0),
(893, '2013-09-16', 7, 7, 3, 1, 5, 0, 0, 0),
(894, '2013-09-16', 108, 8, 3, 1, 7, 0, 0, 0),
(895, '2013-09-16', 60, 9, 3, 1, 26, 0, 0, 0),
(896, '2013-09-16', 65, 33, 3, 1, 0, 0, 0, 0),
(897, '2013-09-16', 59, 10, 3, 1, 38, 0, 0, 0),
(899, '2013-09-16', 1, 17, 4, 1, 0, 0, 0, 0),
(900, '2013-09-16', 3, 18, 4, 1, 0, 0, 0, 0),
(903, '2013-10-14', 111, 8, 3, 1, 14, 0, 0, 0),
(907, '2013-09-09', 3, 3, 2, 1, 0, 0, 0, 0),
(908, '2013-09-09', 6, 4, 2, 1, 0, 0, 0, 0),
(909, '2013-09-09', 53, 5, 2, 1, 0, 0, 0, 0),
(910, '2013-09-16', 8, 3, 2, 1, 0, 0, 0, 0),
(911, '2013-09-16', 51, 4, 2, 1, 0, 0, 0, 0),
(912, '2013-09-16', 52, 5, 2, 1, 0, 0, 0, 0),
(913, '2013-09-23', 7, 3, 2, 1, 0, 0, 0, 0),
(914, '2013-09-23', 1, 4, 2, 1, 0, 0, 0, 0),
(915, '2013-09-23', 30, 5, 2, 1, 0, 0, 0, 0),
(916, '2013-09-30', 7, 3, 2, 1, 0, 0, 0, 0),
(917, '2013-09-30', 4, 4, 2, 1, 0, 0, 0, 0),
(918, '2013-09-30', 32, 5, 2, 1, 0, 0, 0, 0),
(919, '2013-10-07', 4, 3, 2, 1, 0, 0, 0, 0),
(920, '2013-10-07', 85, 4, 2, 1, 0, 0, 0, 0),
(921, '2013-10-07', 8, 5, 2, 1, 0, 0, 0, 0),
(922, '2013-09-09', 5, 18, 4, 1, 0, 0, 0, 0),
(923, '2013-09-09', 33, 19, 4, 1, 0, 0, 0, 0),
(924, '2013-09-09', 85, 32, 4, 1, 0, 0, 0, 0),
(925, '2013-09-16', 34, 19, 4, 1, 0, 0, 0, 0),
(926, '2013-09-16', 6, 32, 4, 1, 0, 0, 0, 0),
(927, '2013-09-23', 30, 17, 4, 1, 0, 0, 0, 0),
(928, '2013-09-23', 8, 18, 4, 1, 0, 0, 0, 0),
(929, '2013-09-23', 4, 19, 4, 1, 0, 0, 0, 0),
(930, '2013-09-23', 53, 32, 4, 1, 0, 0, 0, 0),
(931, '2013-09-30', 1, 17, 4, 1, 0, 0, 0, 0),
(932, '2013-09-30', 35, 18, 4, 1, 0, 0, 0, 0),
(933, '2013-09-30', 4, 19, 4, 1, 0, 0, 0, 0),
(934, '2013-09-30', 34, 32, 4, 1, 0, 0, 0, 0),
(935, '2013-10-07', 34, 17, 4, 1, 0, 0, 0, 0),
(936, '2013-10-07', 3, 18, 4, 1, 0, 0, 0, 0),
(937, '2013-10-07', 7, 19, 4, 1, 0, 0, 0, 0),
(938, '2013-10-07', 89, 32, 4, 1, 0, 0, 0, 0),
(939, '2013-08-26', 7, 2, 1, 2, 0, 0, 0, 0),
(940, '2013-08-26', 8, 4, 1, 2, 0, 0, 0, 0),
(941, '2013-08-26', 34, 1, 1, 2, 0, 0, 1, 2),
(942, '2013-09-02', 5, 2, 1, 2, 0, 0, 0, 0),
(943, '2013-09-02', 51, 4, 1, 2, 0, 0, 0, 0),
(944, '2013-09-09', 1, 2, 1, 2, 0, 0, 0, 0),
(945, '2013-09-09', 30, 4, 1, 2, 0, 0, 0, 0),
(946, '2013-09-09', 3, 6, 1, 2, 0, 0, 7, 70),
(947, '2013-09-16', 34, 2, 1, 2, 0, 0, 0, 0),
(948, '2013-09-16', 7, 4, 1, 2, 0, 0, 0, 0),
(949, '2013-09-16', 30, 6, 1, 2, 0, 0, 7, 4),
(950, '2013-09-23', 8, 2, 1, 2, 0, 0, 0, 0),
(951, '2013-09-23', 5, 4, 1, 2, 0, 0, 0, 0),
(953, '2013-09-30', 35, 2, 1, 2, 0, 0, 0, 0),
(954, '2013-09-30', 8, 4, 1, 2, 0, 0, 0, 0),
(955, '2013-09-30', 4, 6, 1, 2, 0, 0, 15, 165),
(956, '2013-10-07', 30, 2, 1, 2, 0, 0, 0, 0),
(957, '2013-10-07', 4, 4, 1, 2, 0, 0, 0, 0),
(958, '2013-10-14', 33, 2, 1, 2, 0, 0, 0, 0),
(959, '2013-10-14', 51, 4, 1, 2, 0, 0, 0, 0),
(960, '2013-10-14', 7, 6, 1, 2, 0, 0, 15, 118),
(961, '2013-10-21', 7, 2, 1, 2, 0, 0, 0, 0),
(962, '2013-10-21', 30, 4, 1, 2, 0, 0, 0, 0),
(963, '2013-11-04', 35, 6, 1, 2, 0, 0, 15, 55),
(964, '2013-11-25', 8, 6, 1, 2, 0, 0, 14, 165),
(965, '2013-12-02', 1, 6, 1, 2, 0, 0, 7, 90),
(966, '2013-12-16', 35, 6, 1, 2, 0, 0, 14, 55),
(967, '2013-12-23', 4, 6, 1, 2, 0, 0, 14, 160),
(968, '2014-01-27', 3, 6, 1, 2, 0, 0, 14, 182),
(969, '2014-02-03', 30, 6, 1, 2, 0, 0, 14, 175),
(970, '2013-10-28', 34, 2, 1, 2, 0, 0, 0, 0),
(971, '2013-10-28', 51, 4, 1, 2, 0, 0, 0, 0),
(972, '2013-11-04', 4, 2, 1, 2, 0, 0, 0, 0),
(973, '2013-11-04', 7, 4, 1, 2, 0, 0, 0, 0),
(974, '2013-11-11', 5, 2, 1, 2, 0, 0, 0, 0),
(975, '2013-11-11', 8, 4, 1, 2, 0, 0, 0, 0),
(976, '2013-11-18', 1, 2, 1, 2, 0, 0, 0, 0),
(977, '2013-11-18', 35, 4, 1, 2, 0, 0, 0, 0),
(978, '2013-08-05', 7, 2, 1, 2, 0, 0, 0, 0),
(979, '2013-08-05', 30, 4, 1, 2, 0, 0, 0, 0),
(980, '2013-08-12', 1, 2, 1, 2, 0, 0, 0, 0),
(981, '2013-08-12', 34, 4, 1, 2, 0, 0, 0, 0),
(982, '2013-09-09', 4, 7, 3, 1, 23, 0, 0, 0),
(983, '2013-09-09', 52, 8, 3, 1, 8, 0, 0, 0),
(984, '2013-09-09', 100, 9, 3, 1, 4, 0, 0, 0),
(985, '2013-09-09', 78, 33, 3, 1, 0, 0, 0, 0),
(986, '2013-09-09', 54, 10, 3, 1, 10, 0, 0, 0),
(987, '2013-09-23', 34, 7, 3, 1, 49, 0, 0, 0),
(988, '2013-09-23', 56, 8, 3, 1, 11, 0, 0, 0),
(989, '2013-09-23', 10, 9, 3, 1, 32, 0, 0, 0),
(990, '2013-09-23', 107, 33, 3, 1, 0, 0, 0, 0),
(991, '2013-09-23', 110, 10, 3, 1, 4, 0, 0, 0),
(992, '2013-09-23', 63, 34, 3, 1, 0, 0, 0, 0),
(993, '2013-09-30', 30, 7, 3, 1, 23, 0, 0, 0),
(994, '2013-09-30', 53, 8, 3, 1, 11, 0, 0, 0),
(995, '2013-09-30', 64, 9, 3, 1, 2, 0, 0, 0),
(996, '2013-09-30', 61, 33, 3, 1, 0, 0, 0, 0),
(997, '2013-09-30', 62, 10, 3, 1, 4, 0, 0, 0),
(998, '2013-09-30', 73, 34, 3, 1, 0, 0, 0, 0),
(1008, '2013-11-04', 89, 5, 2, 1, 0, 0, 0, 0),
(1009, '2013-11-04', 1, 26, 6, 1, 0, 0, 0, 0),
(1011, '2013-11-04', 1, 28, 5, 2, 0, 0, 0, 0),
(1012, '2013-10-14', 30, 17, 4, 1, 0, 0, 0, 0),
(1013, '2013-10-14', 4, 18, 4, 1, 0, 0, 0, 0),
(1014, '2013-10-14', 51, 32, 4, 1, 0, 0, 0, 0),
(1015, '2013-10-21', 1, 17, 4, 1, 0, 0, 0, 0),
(1016, '2013-10-21', 3, 18, 4, 1, 0, 0, 0, 0),
(1017, '2013-10-21', 6, 32, 4, 1, 0, 0, 0, 0),
(1018, '2013-10-28', 34, 17, 4, 1, 0, 0, 0, 0),
(1019, '2013-10-28', 5, 18, 4, 1, 0, 0, 0, 0),
(1020, '2013-10-28', 7, 19, 4, 1, 0, 0, 0, 0),
(1021, '2013-10-28', 53, 32, 4, 1, 0, 0, 0, 0),
(1022, '2013-11-04', 1, 17, 4, 1, 0, 0, 0, 0),
(1023, '2013-11-04', 35, 18, 4, 1, 0, 0, 0, 0),
(1024, '2013-11-04', 30, 19, 4, 1, 0, 0, 0, 0),
(1025, '2013-11-04', 85, 32, 4, 1, 0, 0, 0, 0),
(1026, '2013-10-14', 7, 3, 2, 1, 0, 0, 0, 0),
(1027, '2013-10-14', 52, 4, 2, 1, 0, 0, 0, 0),
(1028, '2013-10-14', 33, 5, 2, 1, 0, 0, 0, 0),
(1029, '2013-10-21', 5, 3, 2, 1, 0, 0, 0, 0),
(1030, '2013-10-21', 59, 4, 2, 1, 0, 0, 0, 0),
(1031, '2013-10-21', 32, 5, 2, 1, 0, 0, 0, 0),
(1032, '2013-10-28', 4, 3, 2, 1, 0, 0, 0, 0),
(1033, '2013-10-28', 6, 4, 2, 1, 0, 0, 0, 0),
(1034, '2013-10-28', 70, 5, 2, 1, 0, 0, 0, 0),
(1035, '2013-11-04', 7, 3, 2, 1, 0, 0, 0, 0),
(1036, '2013-11-04', 51, 4, 2, 1, 0, 0, 0, 0),
(1037, '2013-08-19', 33, 2, 1, 2, 0, 0, 0, 0),
(1038, '2013-08-19', 4, 4, 1, 2, 0, 0, 0, 0),
(1039, '2013-10-07', 8, 7, 3, 1, 32, 0, 0, 0),
(1041, '2013-11-11', 1, 26, 6, 1, 0, 0, 0, 0),
(1042, '2013-10-07', 57, 8, 3, 1, 10, 0, 0, 0),
(1043, '2013-10-07', 67, 9, 3, 1, 2, 0, 0, 0),
(1044, '2013-10-07', 75, 33, 3, 1, 0, 0, 0, 0),
(1045, '2013-10-07', 32, 10, 3, 1, 49, 0, 0, 0),
(1046, '2013-10-14', 5, 7, 3, 1, 53, 0, 0, 0),
(1047, '2013-10-14', 68, 9, 3, 1, 11, 0, 0, 0),
(1048, '2013-10-14', 80, 33, 3, 1, 0, 0, 0, 0),
(1049, '2013-10-14', 70, 10, 3, 1, 9, 0, 0, 0),
(1050, '2013-10-21', 35, 7, 3, 1, 32, 0, 0, 0),
(1051, '2013-10-21', 33, 8, 3, 1, 1, 0, 0, 0),
(1052, '2013-10-21', 66, 9, 3, 1, 8, 0, 0, 0),
(1053, '2013-10-21', 72, 33, 3, 1, 0, 0, 0, 0),
(1054, '2013-10-21', 71, 10, 3, 1, 4, 0, 0, 0),
(1055, '2013-10-28', 1, 7, 3, 1, 23, 0, 0, 0),
(1056, '2013-11-04', 3, 7, 3, 1, 8, 0, 0, 0),
(1057, '2013-11-04', 76, 8, 3, 1, 5, 0, 0, 0),
(1058, '2013-11-04', 77, 9, 3, 1, 47, 0, 0, 0),
(1059, '2013-11-04', 93, 33, 3, 1, 0, 0, 0, 0),
(1060, '2013-11-04', 2, 10, 3, 1, 13, 0, 0, 0),
(1061, '2013-11-11', 3, 17, 4, 1, 0, 0, 0, 0),
(1062, '2013-11-11', 35, 18, 4, 1, 0, 0, 0, 0),
(1063, '2013-11-11', 34, 19, 4, 1, 0, 0, 0, 0),
(1064, '2013-11-11', 70, 32, 4, 1, 0, 0, 0, 0),
(1065, '2013-11-18', 8, 17, 4, 1, 0, 0, 0, 0),
(1066, '2013-11-18', 30, 18, 4, 1, 0, 0, 0, 0),
(1067, '2013-11-18', 1, 19, 4, 1, 0, 0, 0, 0),
(1068, '2013-11-18', 53, 32, 4, 1, 0, 0, 0, 0),
(1069, '2013-11-25', 34, 17, 4, 1, 0, 0, 0, 0),
(1070, '2013-11-25', 4, 18, 4, 1, 0, 0, 0, 0),
(1071, '2013-11-25', 35, 19, 4, 1, 0, 0, 0, 0),
(1072, '2013-11-25', 5, 32, 4, 1, 0, 0, 0, 0),
(1073, '2013-12-02', 5, 17, 4, 1, 0, 0, 0, 0),
(1074, '2013-12-02', 8, 18, 4, 1, 0, 0, 0, 0),
(1075, '2013-12-02', 7, 19, 4, 1, 0, 0, 0, 0),
(1076, '2013-12-02', 1, 32, 4, 1, 0, 0, 0, 0),
(1078, '2013-12-30', 30, 4, 2, 1, 0, 0, 0, 0),
(1079, '2013-12-30', 85, 26, 6, 1, 0, 0, 0, 0),
(1080, '2013-12-16', 5, 3, 2, 1, 0, 0, 0, 0),
(1081, '2013-12-16', 52, 4, 2, 1, 0, 0, 0, 0),
(1082, '2013-12-16', 32, 5, 2, 1, 0, 0, 0, 0),
(1083, '2013-12-23', 114, 3, 2, 1, 0, 0, 0, 0),
(1084, '2013-12-23', 59, 4, 2, 1, 0, 0, 0, 0),
(1085, '2013-12-23', 53, 5, 2, 1, 0, 0, 0, 0),
(1086, '2013-12-30', 8, 3, 2, 1, 0, 0, 0, 0),
(1087, '2013-12-30', 85, 5, 2, 1, 0, 0, 0, 0),
(1088, '2014-01-06', 7, 3, 2, 1, 0, 0, 0, 0),
(1089, '2014-01-06', 6, 4, 2, 1, 0, 0, 0, 0),
(1090, '2014-01-06', 89, 5, 2, 1, 0, 0, 0, 0),
(1091, '2013-12-16', 8, 17, 4, 1, 0, 0, 0, 0),
(1092, '2013-12-16', 114, 18, 4, 1, 0, 0, 0, 0),
(1093, '2013-12-16', 1, 19, 4, 1, 0, 0, 0, 0),
(1094, '2013-12-16', 34, 32, 4, 1, 0, 0, 0, 0),
(1095, '2013-12-23', 6, 17, 4, 1, 0, 0, 0, 0),
(1096, '2013-12-23', 51, 18, 4, 1, 0, 0, 0, 0),
(1097, '2013-12-23', 52, 32, 4, 1, 0, 0, 0, 0),
(1098, '2013-12-30', 1, 17, 4, 1, 0, 0, 0, 0),
(1099, '2013-12-30', 3, 18, 4, 1, 0, 0, 0, 0),
(1100, '2013-12-30', 7, 19, 4, 1, 0, 0, 0, 0),
(1101, '2013-12-30', 51, 32, 4, 1, 0, 0, 0, 0),
(1102, '2014-01-06', 30, 17, 4, 1, 0, 0, 0, 0),
(1103, '2014-01-06', 4, 18, 4, 1, 0, 0, 0, 0),
(1104, '2014-01-06', 34, 19, 4, 1, 0, 0, 0, 0),
(1105, '2014-01-06', 33, 32, 4, 1, 0, 0, 0, 0),
(1106, '2013-11-11', 51, 7, 3, 1, 11, 0, 0, 0),
(1107, '2013-11-11', 115, 8, 3, 1, 1, 0, 0, 0),
(1108, '2013-11-11', 74, 9, 3, 1, 34, 0, 0, 0),
(1109, '2013-11-11', 96, 33, 3, 1, 0, 0, 0, 0),
(1110, '2013-11-11', 85, 10, 3, 1, 17, 0, 0, 0),
(1111, '2013-11-18', 7, 7, 3, 1, 19, 0, 0, 0),
(1112, '2013-11-18', 89, 8, 3, 1, 5, 0, 0, 0),
(1113, '2013-11-18', 79, 9, 3, 1, 30, 0, 0, 0),
(1114, '2013-11-18', 88, 33, 3, 1, 0, 0, 0, 0),
(1115, '2013-11-18', 116, 10, 3, 1, 5, 0, 0, 0),
(1116, '2013-11-25', 6, 7, 3, 1, 32, 0, 0, 0),
(1117, '2013-11-25', 117, 8, 3, 1, 6, 0, 0, 0),
(1118, '2013-11-25', 105, 9, 3, 1, 45, 0, 0, 0),
(1119, '2013-11-25', 101, 33, 3, 1, 0, 0, 0, 0),
(1120, '2013-11-25', 106, 10, 3, 1, 19, 0, 0, 0),
(1121, '2013-12-02', 30, 7, 3, 1, 23, 0, 0, 0),
(1122, '2013-12-02', 104, 8, 3, 1, 7, 0, 0, 0),
(1123, '2013-12-02', 118, 9, 3, 1, 28, 0, 0, 0),
(1124, '2013-12-02', 90, 33, 3, 1, 0, 0, 0, 0),
(1125, '2013-12-02', 103, 10, 3, 1, 16, 0, 0, 0),
(1126, '2013-12-02', 94, 34, 3, 1, 0, 0, 0, 0),
(1127, '2013-12-16', 4, 7, 3, 1, 24, 0, 0, 0),
(1128, '2013-12-16', 31, 8, 3, 1, 14, 0, 0, 0),
(1129, '2013-12-16', 97, 9, 3, 1, 21, 0, 0, 0),
(1130, '2013-12-16', 112, 33, 3, 1, 0, 0, 0, 0),
(1131, '2013-12-16', 52, 10, 3, 1, 10, 0, 0, 0),
(1132, '2013-12-23', 8, 7, 3, 1, 32, 0, 0, 0),
(1133, '2013-12-23', 84, 8, 3, 1, 6, 0, 0, 0),
(1134, '2013-12-23', 58, 9, 3, 1, 2, 0, 0, 0),
(1135, '2013-12-23', 95, 33, 3, 1, 0, 0, 0, 0),
(1136, '2013-12-23', 98, 10, 3, 1, 13, 0, 0, 0),
(1137, '2013-12-23', 60, 34, 3, 1, 0, 0, 0, 0),
(1138, '2013-12-30', 5, 7, 3, 1, 53, 0, 0, 0),
(1139, '2013-10-28', 114, 1, 1, 2, 0, 0, 1, 20),
(1140, '2013-11-25', 35, 1, 1, 2, 0, 0, 1, 55),
(1141, '2013-12-02', 7, 1, 1, 2, 0, 0, 1, 12),
(1142, '2013-12-30', 5, 1, 1, 2, 0, 0, 1, 15),
(1143, '2014-01-06', 8, 1, 1, 2, 0, 0, 1, 105),
(1144, '2014-01-13', 3, 1, 1, 2, 0, 0, 1, 36),
(1145, '2014-01-20', 4, 1, 1, 2, 0, 0, 1, 109),
(1146, '2014-01-27', 1, 1, 1, 2, 0, 0, 1, 179),
(1147, '2014-02-10', 114, 1, 1, 2, 0, 0, 1, 45),
(1148, '2014-03-03', 30, 1, 1, 2, 0, 0, 1, 11),
(1149, '2014-03-17', 35, 1, 1, 2, 0, 0, 1, 98),
(1150, '2013-11-25', 6, 24, 6, 1, 0, 0, 0, 0),
(1151, '2013-11-25', 84, 25, 6, 1, 0, 0, 0, 0),
(1152, '2013-11-25', 52, 26, 6, 1, 0, 0, 0, 0),
(1153, '2013-11-25', 32, 27, 6, 1, 0, 0, 0, 0),
(1154, '2013-11-25', 85, 20, 6, 2, 0, 0, 0, 0),
(1155, '2013-11-25', 59, 21, 6, 2, 0, 0, 0, 0),
(1156, '2013-11-25', 84, 22, 6, 2, 0, 0, 0, 0),
(1157, '2013-11-25', 106, 23, 6, 2, 0, 0, 0, 0),
(1158, '2013-12-02', 6, 24, 6, 1, 0, 0, 0, 0),
(1159, '2013-12-02', 84, 25, 6, 1, 0, 0, 0, 0),
(1160, '2013-12-02', 117, 26, 6, 1, 0, 0, 0, 0),
(1161, '2013-12-02', 32, 27, 6, 1, 0, 0, 0, 0),
(1162, '2013-12-02', 5, 20, 6, 2, 0, 0, 0, 0),
(1163, '2013-12-02', 89, 21, 6, 2, 0, 0, 0, 0),
(1164, '2013-12-02', 32, 22, 6, 2, 0, 0, 0, 0),
(1165, '2013-12-02', 6, 23, 6, 2, 0, 0, 0, 0),
(1174, '2013-12-16', 84, 24, 6, 1, 0, 0, 0, 0),
(1175, '2013-12-16', 6, 25, 6, 1, 0, 0, 0, 0),
(1176, '2013-12-16', 59, 26, 6, 1, 0, 0, 0, 0),
(1177, '2013-12-16', 70, 27, 6, 1, 0, 0, 0, 0),
(1178, '2013-12-16', 5, 20, 6, 2, 0, 0, 0, 0),
(1179, '2013-12-16', 85, 21, 6, 2, 0, 0, 0, 0),
(1180, '2013-12-16', 32, 22, 6, 2, 0, 0, 0, 0),
(1181, '2013-12-16', 89, 23, 6, 2, 0, 0, 0, 0),
(1182, '2013-12-23', 6, 24, 6, 1, 0, 0, 0, 0),
(1183, '2013-12-23', 84, 25, 6, 1, 0, 0, 0, 0),
(1184, '2013-12-23', 52, 26, 6, 1, 0, 0, 0, 0),
(1185, '2013-12-23', 70, 27, 6, 1, 0, 0, 0, 0),
(1186, '2013-12-23', 85, 20, 6, 2, 0, 0, 0, 0),
(1187, '2013-12-23', 59, 21, 6, 2, 0, 0, 0, 0),
(1188, '2013-12-23', 84, 22, 6, 2, 0, 0, 0, 0),
(1189, '2013-12-23', 32, 23, 6, 2, 0, 0, 0, 0),
(1190, '2013-12-30', 6, 24, 6, 1, 0, 0, 0, 0),
(1191, '2013-12-30', 84, 25, 6, 1, 0, 0, 0, 0),
(1192, '2013-12-30', 89, 27, 6, 1, 0, 0, 0, 0),
(1193, '2013-12-30', 85, 20, 6, 2, 0, 0, 0, 0),
(1194, '2013-12-30', 59, 21, 6, 2, 0, 0, 0, 0),
(1195, '2013-12-30', 32, 22, 6, 2, 0, 0, 0, 0),
(1196, '2013-12-30', 6, 23, 6, 2, 0, 0, 0, 0),
(1197, '2014-01-06', 5, 24, 6, 1, 0, 0, 0, 0),
(1198, '2014-01-06', 6, 25, 6, 1, 0, 0, 0, 0),
(1199, '2014-01-06', 52, 26, 6, 1, 0, 0, 0, 0),
(1200, '2014-01-06', 59, 27, 6, 1, 0, 0, 0, 0),
(1201, '2014-01-06', 84, 20, 6, 2, 0, 0, 0, 0),
(1202, '2014-01-06', 85, 21, 6, 2, 0, 0, 0, 0),
(1203, '2014-01-06', 106, 22, 6, 2, 0, 0, 0, 0),
(1204, '2014-01-06', 70, 23, 6, 2, 0, 0, 0, 0),
(1205, '2014-01-13', 6, 24, 6, 1, 0, 0, 0, 0),
(1206, '2014-01-13', 5, 25, 6, 1, 0, 0, 0, 0),
(1207, '2014-01-13', 89, 26, 6, 1, 0, 0, 0, 0),
(1208, '2014-01-13', 85, 27, 6, 1, 0, 0, 0, 0),
(1209, '2014-01-13', 85, 20, 6, 2, 0, 0, 0, 0),
(1210, '2014-01-13', 106, 21, 6, 2, 0, 0, 0, 0),
(1211, '2014-01-13', 6, 22, 6, 2, 0, 0, 0, 0),
(1212, '2014-01-13', 84, 23, 6, 2, 0, 0, 0, 0),
(1213, '2014-01-20', 6, 24, 6, 1, 0, 0, 0, 0),
(1214, '2014-01-20', 84, 25, 6, 1, 0, 0, 0, 0),
(1215, '2014-01-20', 117, 26, 6, 1, 0, 0, 0, 0),
(1216, '2014-01-20', 59, 27, 6, 1, 0, 0, 0, 0),
(1217, '2014-01-20', 84, 20, 6, 2, 0, 0, 0, 0),
(1218, '2014-01-20', 85, 21, 6, 2, 0, 0, 0, 0),
(1219, '2014-01-20', 116, 22, 6, 2, 0, 0, 0, 0),
(1220, '2014-01-20', 106, 23, 6, 2, 0, 0, 0, 0),
(1221, '2014-01-27', 85, 24, 6, 1, 0, 0, 0, 0),
(1222, '2014-01-27', 84, 25, 6, 1, 0, 0, 0, 0),
(1223, '2014-01-27', 30, 26, 6, 1, 0, 0, 0, 0),
(1224, '2014-01-27', 6, 27, 6, 1, 0, 0, 0, 0),
(1225, '2014-01-27', 6, 20, 6, 2, 0, 0, 0, 0),
(1226, '2014-01-27', 85, 21, 6, 2, 0, 0, 0, 0),
(1227, '2014-01-27', 70, 22, 6, 2, 0, 0, 0, 0),
(1228, '2014-01-27', 59, 23, 6, 2, 0, 0, 0, 0),
(1229, '2014-02-03', 5, 24, 6, 1, 0, 0, 0, 0),
(1230, '2014-02-03', 6, 25, 6, 1, 0, 0, 0, 0),
(1231, '2014-02-03', 52, 26, 6, 1, 0, 0, 0, 0),
(1232, '2014-02-03', 85, 27, 6, 1, 0, 0, 0, 0),
(1233, '2014-02-03', 6, 20, 6, 2, 0, 0, 0, 0),
(1234, '2014-02-03', 5, 21, 6, 2, 0, 0, 0, 0),
(1235, '2014-02-03', 32, 22, 6, 2, 0, 0, 0, 0),
(1236, '2014-02-03', 59, 23, 6, 2, 0, 0, 0, 0),
(1237, '2014-02-10', 85, 24, 6, 1, 0, 0, 0, 0),
(1238, '2014-02-10', 1, 25, 6, 1, 0, 0, 0, 0),
(1239, '2014-02-10', 117, 26, 6, 1, 0, 0, 0, 0),
(1240, '2014-02-10', 116, 27, 6, 1, 0, 0, 0, 0),
(1241, '2014-02-10', 6, 20, 6, 2, 0, 0, 0, 0),
(1242, '2014-02-10', 32, 21, 6, 2, 0, 0, 0, 0),
(1243, '2014-02-10', 84, 22, 6, 2, 0, 0, 0, 0),
(1244, '2014-02-10', 70, 23, 6, 2, 0, 0, 0, 0),
(1245, '2014-02-17', 85, 24, 6, 1, 0, 0, 0, 0),
(1246, '2014-02-17', 84, 25, 6, 1, 0, 0, 0, 0),
(1247, '2014-02-17', 52, 26, 6, 1, 0, 0, 0, 0),
(1248, '2014-02-17', 89, 27, 6, 1, 0, 0, 0, 0),
(1249, '2014-02-17', 89, 20, 6, 2, 0, 0, 0, 0),
(1250, '2014-02-17', 59, 21, 6, 2, 0, 0, 0, 0),
(1251, '2014-02-17', 84, 22, 6, 2, 0, 0, 0, 0),
(1252, '2014-02-17', 32, 23, 6, 2, 0, 0, 0, 0),
(1253, '2014-02-24', 106, 24, 6, 1, 0, 0, 0, 0),
(1254, '2014-02-24', 84, 25, 6, 1, 0, 0, 0, 0),
(1255, '2014-02-24', 59, 26, 6, 1, 0, 0, 0, 0),
(1256, '2014-02-24', 52, 27, 6, 1, 0, 0, 0, 0),
(1257, '2014-02-24', 6, 20, 6, 2, 0, 0, 0, 0),
(1258, '2014-02-24', 89, 21, 6, 2, 0, 0, 0, 0),
(1259, '2014-02-24', 32, 22, 6, 2, 0, 0, 0, 0),
(1260, '2014-02-24', 70, 23, 6, 2, 0, 0, 0, 0),
(1261, '2014-03-03', 59, 24, 6, 1, 0, 0, 0, 0),
(1262, '2014-03-03', 6, 25, 6, 1, 0, 0, 0, 0),
(1263, '2014-03-03', 117, 26, 6, 1, 0, 0, 0, 0),
(1264, '2014-03-03', 116, 27, 6, 1, 0, 0, 0, 0),
(1265, '2013-11-25', 1, 30, 5, 1, 0, 0, 0, 0),
(1266, '2013-11-25', 6, 31, 5, 1, 0, 0, 0, 0),
(1267, '2013-11-25', 6, 28, 5, 2, 0, 0, 0, 0),
(1268, '2013-11-25', 7, 29, 5, 2, 0, 0, 0, 0),
(1269, '2013-12-02', 3, 30, 5, 1, 0, 0, 0, 0),
(1270, '2013-12-02', 4, 31, 5, 1, 0, 0, 0, 0),
(1271, '2013-12-02', 30, 28, 5, 2, 0, 0, 0, 0),
(1272, '2013-12-02', 32, 29, 5, 2, 0, 0, 0, 0),
(1277, '2013-12-16', 4, 30, 5, 1, 0, 0, 0, 0),
(1278, '2013-12-16', 3, 31, 5, 1, 0, 0, 0, 0);
INSERT INTO `assignments` (`assign_id`, `week_of`, `user_id`, `assign_type_id`, `page_id`, `meeting_type_id`, `study_id`, `setting_id`, `congr_id`, `theme_id`) VALUES
(1279, '2013-12-16', 1, 28, 5, 2, 0, 0, 0, 0),
(1280, '2013-12-16', 35, 29, 5, 2, 0, 0, 0, 0),
(1281, '2013-12-23', 32, 30, 5, 1, 0, 0, 0, 0),
(1282, '2013-12-23', 5, 31, 5, 1, 0, 0, 0, 0),
(1283, '2013-12-23', 4, 28, 5, 2, 0, 0, 0, 0),
(1284, '2013-12-23', 30, 29, 5, 2, 0, 0, 0, 0),
(1285, '2013-12-30', 33, 30, 5, 1, 0, 0, 0, 0),
(1286, '2013-12-30', 1, 31, 5, 1, 0, 0, 0, 0),
(1287, '2013-12-30', 114, 28, 5, 2, 0, 0, 0, 0),
(1288, '2013-12-30', 6, 29, 5, 2, 0, 0, 0, 0),
(1289, '2014-01-06', 3, 30, 5, 1, 0, 0, 0, 0),
(1290, '2014-01-06', 6, 31, 5, 1, 0, 0, 0, 0),
(1291, '2014-01-06', 35, 28, 5, 2, 0, 0, 0, 0),
(1292, '2014-01-06', 30, 29, 5, 2, 0, 0, 0, 0),
(1293, '2014-01-13', 5, 30, 5, 1, 0, 0, 0, 0),
(1294, '2014-01-13', 4, 31, 5, 1, 0, 0, 0, 0),
(1295, '2014-01-13', 34, 28, 5, 2, 0, 0, 0, 0),
(1296, '2014-01-13', 1, 29, 5, 2, 0, 0, 0, 0),
(1297, '2014-01-20', 7, 30, 5, 1, 0, 0, 0, 0),
(1298, '2014-01-20', 32, 31, 5, 1, 0, 0, 0, 0),
(1299, '2014-01-20', 33, 28, 5, 2, 0, 0, 0, 0),
(1300, '2014-01-20', 6, 29, 5, 2, 0, 0, 0, 0),
(1301, '2014-01-27', 6, 30, 5, 1, 0, 0, 0, 0),
(1302, '2014-01-27', 34, 31, 5, 1, 0, 0, 0, 0),
(1303, '2014-01-27', 5, 28, 5, 2, 0, 0, 0, 0),
(1304, '2014-01-27', 1, 29, 5, 2, 0, 0, 0, 0),
(1305, '2014-02-03', 3, 30, 5, 1, 0, 0, 0, 0),
(1306, '2014-02-03', 30, 31, 5, 1, 0, 0, 0, 0),
(1307, '2014-02-03', 35, 28, 5, 2, 0, 0, 0, 0),
(1308, '2014-02-03', 32, 29, 5, 2, 0, 0, 0, 0),
(1309, '2014-02-10', 7, 30, 5, 1, 0, 0, 0, 0),
(1310, '2014-02-10', 33, 31, 5, 1, 0, 0, 0, 0),
(1311, '2014-02-10', 30, 28, 5, 2, 0, 0, 0, 0),
(1312, '2014-02-10', 33, 29, 5, 2, 0, 0, 0, 0),
(1313, '2014-02-17', 1, 30, 5, 1, 0, 0, 0, 0),
(1314, '2014-02-17', 32, 31, 5, 1, 0, 0, 0, 0),
(1315, '2014-02-17', 1, 28, 5, 2, 0, 0, 0, 0),
(1316, '2014-02-17', 6, 29, 5, 2, 0, 0, 0, 0),
(1317, '2014-02-24', 6, 30, 5, 1, 0, 0, 0, 0),
(1318, '2014-02-24', 4, 31, 5, 1, 0, 0, 0, 0),
(1319, '2014-02-24', 35, 28, 5, 2, 0, 0, 0, 0),
(1320, '2014-02-24', 1, 29, 5, 2, 0, 0, 0, 0),
(1321, '2014-03-03', 3, 30, 5, 1, 0, 0, 0, 0),
(1322, '2014-03-03', 30, 31, 5, 1, 0, 0, 0, 0),
(1323, '2014-03-03', 32, 28, 5, 2, 0, 0, 0, 0),
(1324, '2014-03-03', 4, 29, 5, 2, 0, 0, 0, 0),
(1325, '2014-03-10', 7, 30, 5, 1, 0, 0, 0, 0),
(1326, '2014-03-10', 1, 31, 5, 1, 0, 0, 0, 0),
(1327, '2014-03-10', 114, 28, 5, 2, 0, 0, 0, 0),
(1328, '2014-03-10', 33, 29, 5, 2, 0, 0, 0, 0),
(1329, '2014-03-17', 114, 30, 5, 1, 0, 0, 0, 0),
(1330, '2014-03-17', 34, 31, 5, 1, 0, 0, 0, 0),
(1331, '2014-03-17', 1, 28, 5, 2, 0, 0, 0, 0),
(1332, '2014-03-17', 35, 29, 5, 2, 0, 0, 0, 0),
(1333, '2014-03-24', 6, 30, 5, 1, 0, 0, 0, 0),
(1334, '2014-03-24', 32, 31, 5, 1, 0, 0, 0, 0),
(1335, '2014-03-24', 6, 28, 5, 2, 0, 0, 0, 0),
(1336, '2014-03-24', 30, 29, 5, 2, 0, 0, 0, 0),
(1337, '2014-03-31', 33, 30, 5, 1, 0, 0, 0, 0),
(1338, '2014-03-31', 114, 31, 5, 1, 0, 0, 0, 0),
(1339, '2014-03-31', 4, 28, 5, 2, 0, 0, 0, 0),
(1340, '2014-03-31', 5, 29, 5, 2, 0, 0, 0, 0),
(1341, '2014-04-07', 30, 30, 5, 1, 0, 0, 0, 0),
(1342, '2014-04-07', 3, 31, 5, 1, 0, 0, 0, 0),
(1343, '2014-04-07', 7, 28, 5, 2, 0, 0, 0, 0),
(1344, '2014-04-07', 1, 29, 5, 2, 0, 0, 0, 0),
(1345, '2014-04-14', 6, 30, 5, 1, 0, 0, 0, 0),
(1346, '2014-04-14', 5, 31, 5, 1, 0, 0, 0, 0),
(1347, '2014-04-14', 34, 28, 5, 2, 0, 0, 0, 0),
(1348, '2014-04-14', 4, 29, 5, 2, 0, 0, 0, 0),
(1349, '2014-04-21', 1, 30, 5, 1, 0, 0, 0, 0),
(1350, '2014-04-21', 7, 31, 5, 1, 0, 0, 0, 0),
(1351, '2014-04-21', 30, 28, 5, 2, 0, 0, 0, 0),
(1352, '2014-04-21', 32, 29, 5, 2, 0, 0, 0, 0),
(1353, '2014-01-13', 3, 3, 2, 1, 0, 0, 0, 0),
(1354, '2014-01-13', 5, 4, 2, 1, 0, 0, 0, 0),
(1355, '2014-01-13', 53, 5, 2, 1, 0, 0, 0, 0),
(1356, '2014-01-20', 7, 3, 2, 1, 0, 0, 0, 0),
(1357, '2014-01-20', 8, 4, 2, 1, 0, 0, 0, 0),
(1358, '2014-01-20', 32, 5, 2, 1, 0, 0, 0, 0),
(1359, '2014-01-27', 5, 3, 2, 1, 0, 0, 0, 0),
(1360, '2014-01-27', 114, 4, 2, 1, 0, 0, 0, 0),
(1361, '2014-01-27', 52, 5, 2, 1, 0, 0, 0, 0),
(1362, '2014-02-03', 4, 3, 2, 1, 0, 0, 0, 0),
(1363, '2014-02-03', 30, 4, 2, 1, 0, 0, 0, 0),
(1364, '2014-02-03', 33, 5, 2, 1, 0, 0, 0, 0),
(1365, '2014-01-13', 1, 17, 4, 1, 0, 0, 0, 0),
(1366, '2014-01-13', 114, 18, 4, 1, 0, 0, 0, 0),
(1367, '2014-01-13', 6, 19, 4, 1, 0, 0, 0, 0),
(1368, '2014-01-13', 31, 32, 4, 1, 0, 0, 0, 0),
(1369, '2014-01-20', 51, 17, 4, 1, 0, 0, 0, 0),
(1370, '2014-01-20', 35, 18, 4, 1, 0, 0, 0, 0),
(1371, '2014-01-20', 4, 19, 4, 1, 0, 0, 0, 0),
(1372, '2014-01-20', 89, 32, 4, 1, 0, 0, 0, 0),
(1373, '2014-01-27', 30, 17, 4, 1, 0, 0, 0, 0),
(1374, '2014-01-27', 3, 18, 4, 1, 0, 0, 0, 0),
(1375, '2014-01-27', 34, 19, 4, 1, 0, 0, 0, 0),
(1376, '2014-01-27', 70, 32, 4, 1, 0, 0, 0, 0),
(1377, '2014-02-03', 7, 17, 4, 1, 0, 0, 0, 0),
(1378, '2014-02-03', 8, 18, 4, 1, 0, 0, 0, 0),
(1379, '2014-02-03', 5, 19, 4, 1, 0, 0, 0, 0),
(1380, '2014-02-03', 34, 32, 4, 1, 0, 0, 0, 0),
(1381, '2013-11-25', 4, 3, 2, 1, 0, 0, 0, 0),
(1382, '2013-11-25', 59, 4, 2, 1, 0, 0, 0, 0),
(1383, '2013-11-25', 89, 5, 2, 1, 0, 0, 0, 0),
(1384, '2013-12-02', 3, 3, 2, 1, 0, 0, 0, 0),
(1385, '2013-12-02', 51, 4, 2, 1, 0, 0, 0, 0),
(1386, '2013-12-02', 30, 5, 2, 1, 0, 0, 0, 0),
(1387, '2013-11-25', 7, 2, 1, 2, 0, 0, 0, 0),
(1388, '2013-11-25', 4, 4, 1, 2, 0, 0, 0, 0),
(1389, '2013-12-02', 8, 2, 1, 2, 0, 0, 0, 0),
(1390, '2013-12-02', 5, 4, 1, 2, 0, 0, 0, 0),
(1391, '2013-12-16', 51, 2, 1, 2, 0, 0, 0, 0),
(1392, '2013-12-16', 30, 4, 1, 2, 0, 0, 0, 0),
(1393, '2013-12-23', 6, 2, 1, 2, 0, 0, 0, 0),
(1394, '2013-12-23', 114, 4, 1, 2, 0, 0, 0, 0),
(1395, '2013-12-30', 33, 2, 1, 2, 0, 0, 0, 0),
(1396, '2013-12-30', 1, 4, 1, 2, 0, 0, 0, 0),
(1397, '2014-01-06', 30, 2, 1, 2, 0, 0, 0, 0),
(1398, '2014-01-06', 35, 4, 1, 2, 0, 0, 0, 0),
(1399, '2014-01-13', 114, 2, 1, 2, 0, 0, 0, 0),
(1400, '2014-01-13', 51, 4, 1, 2, 0, 0, 0, 0),
(1401, '2014-01-20', 34, 2, 1, 2, 0, 0, 0, 0),
(1402, '2014-01-20', 7, 4, 1, 2, 0, 0, 0, 0),
(1403, '2014-01-27', 35, 2, 1, 2, 0, 0, 0, 0),
(1404, '2014-01-27', 4, 4, 1, 2, 0, 0, 0, 0),
(1405, '2014-02-03', 7, 2, 1, 2, 0, 0, 0, 0),
(1406, '2014-02-03', 114, 4, 1, 2, 0, 0, 0, 0),
(1407, '2014-02-10', 8, 2, 1, 2, 0, 0, 0, 0),
(1408, '2014-02-10', 51, 4, 1, 2, 0, 0, 0, 0),
(1409, '2014-02-17', 5, 2, 1, 2, 0, 0, 0, 0),
(1410, '2014-02-17', 8, 4, 1, 2, 0, 0, 0, 0),
(1411, '2014-02-24', 34, 2, 1, 2, 0, 0, 0, 0),
(1412, '2014-02-24', 5, 4, 1, 2, 0, 0, 0, 0),
(1413, '2014-03-03', 34, 2, 1, 2, 0, 0, 0, 0),
(1414, '2014-03-03', 1, 4, 1, 2, 0, 0, 0, 0),
(1417, '2014-03-17', 6, 2, 1, 2, 0, 0, 0, 0),
(1418, '2014-03-17', 7, 4, 1, 2, 0, 0, 0, 0),
(1419, '2014-03-24', 5, 2, 1, 2, 0, 0, 0, 0),
(1420, '2014-03-24', 30, 4, 1, 2, 0, 0, 0, 0),
(1421, '2014-03-31', 1, 2, 1, 2, 0, 0, 0, 0),
(1422, '2014-03-31', 51, 4, 1, 2, 0, 0, 0, 0),
(1423, '2014-04-07', 35, 2, 1, 2, 0, 0, 0, 0),
(1424, '2014-04-07', 114, 4, 1, 2, 0, 0, 0, 0),
(1425, '2014-04-14', 7, 2, 1, 2, 0, 0, 0, 0),
(1426, '2014-04-14', 51, 4, 1, 2, 0, 0, 0, 0),
(1427, '2014-04-21', 6, 2, 1, 2, 0, 0, 0, 0),
(1428, '2014-04-21', 4, 4, 1, 2, 0, 0, 0, 0),
(1429, '2014-01-06', 3, 7, 3, 1, 11, 0, 0, 0),
(1430, '2014-01-06', 119, 8, 3, 1, 1, 0, 0, 0),
(1431, '2014-01-06', 100, 9, 3, 1, 10, 0, 0, 0),
(1432, '2014-01-06', 63, 33, 3, 1, 0, 0, 0, 0),
(1433, '2014-01-06', 54, 10, 3, 1, 11, 0, 0, 0),
(1434, '2014-01-06', 56, 11, 3, 1, 12, 0, 0, 0),
(1435, '2014-01-06', 10, 12, 3, 1, 33, 0, 0, 0),
(1436, '2014-01-06', 73, 35, 3, 1, 0, 0, 0, 0),
(1437, '2014-01-06', 59, 13, 3, 1, 38, 0, 0, 0),
(1438, '2014-01-13', 7, 7, 3, 1, 19, 0, 0, 0),
(1439, '2014-01-13', 57, 8, 3, 1, 11, 0, 0, 0),
(1440, '2014-01-13', 65, 9, 3, 1, 50, 0, 0, 0),
(1441, '2014-01-13', 110, 33, 3, 1, 0, 0, 0, 0),
(1442, '2014-01-13', 111, 10, 3, 1, 15, 0, 0, 0),
(1443, '2014-01-20', 34, 7, 3, 1, 49, 0, 0, 0),
(1444, '2014-01-20', 33, 8, 3, 1, 10, 0, 0, 0),
(1445, '2014-01-20', 64, 9, 3, 1, 10, 0, 0, 0),
(1446, '2014-01-20', 120, 33, 3, 1, 0, 0, 0, 0),
(1447, '2014-01-20', 53, 10, 3, 1, 28, 0, 0, 0),
(1448, '2014-01-20', 76, 11, 3, 1, 6, 0, 0, 0),
(1449, '2014-01-20', 62, 12, 3, 1, 4, 0, 0, 0),
(1450, '2014-01-20', 107, 35, 3, 1, 0, 0, 0, 0),
(1451, '2014-01-20', 70, 13, 3, 1, 9, 0, 0, 0),
(1452, '2014-01-27', 1, 7, 3, 1, 23, 0, 0, 0),
(1453, '2014-01-27', 2, 8, 3, 1, 13, 0, 0, 0),
(1454, '2014-01-27', 72, 9, 3, 1, 14, 0, 0, 0),
(1455, '2014-01-27', 61, 33, 3, 1, 0, 0, 0, 0),
(1456, '2014-01-27', 71, 10, 3, 1, 5, 0, 0, 0),
(1457, '2014-02-03', 35, 7, 3, 1, 32, 0, 0, 0),
(1458, '2014-02-03', 85, 8, 3, 1, 1, 0, 0, 0),
(1459, '2014-02-03', 80, 9, 3, 1, 5, 0, 0, 0),
(1460, '2014-02-03', 75, 33, 3, 1, 0, 0, 0, 0),
(1461, '2014-02-03', 115, 10, 3, 1, 21, 0, 0, 0),
(1462, '2014-02-03', 104, 11, 3, 1, 7, 0, 0, 0),
(1463, '2014-02-03', 68, 12, 3, 1, 12, 0, 0, 0),
(1464, '2014-02-03', 77, 35, 3, 1, 0, 0, 0, 0),
(1465, '2014-02-03', 32, 13, 3, 1, 50, 0, 0, 0),
(1466, '2014-02-10', 1, 17, 4, 1, 0, 0, 0, 0),
(1467, '2014-02-10', 30, 18, 4, 1, 0, 0, 0, 0),
(1468, '2014-02-10', 35, 32, 4, 1, 0, 0, 0, 0),
(1469, '2014-02-17', 51, 17, 4, 1, 0, 0, 0, 0),
(1470, '2014-02-17', 34, 18, 4, 1, 0, 0, 0, 0),
(1471, '2014-02-17', 6, 19, 4, 1, 0, 0, 0, 0),
(1472, '2014-02-17', 8, 32, 4, 1, 0, 0, 0, 0),
(1473, '2014-02-24', 33, 17, 4, 1, 0, 0, 0, 0),
(1474, '2014-02-24', 4, 18, 4, 1, 0, 0, 0, 0),
(1475, '2014-02-24', 8, 19, 4, 1, 0, 0, 0, 0),
(1476, '2014-02-24', 3, 32, 4, 1, 0, 0, 0, 0),
(1477, '2014-03-03', 114, 17, 4, 1, 0, 0, 0, 0),
(1478, '2014-03-03', 4, 18, 4, 1, 0, 0, 0, 0),
(1479, '2014-03-03', 34, 19, 4, 1, 0, 0, 0, 0),
(1480, '2014-03-03', 89, 32, 4, 1, 0, 0, 0, 0),
(1481, '2014-02-10', 3, 3, 2, 1, 0, 0, 0, 0),
(1482, '2014-02-10', 59, 4, 2, 1, 0, 0, 0, 0),
(1483, '2014-02-10', 85, 5, 2, 1, 0, 0, 0, 0),
(1484, '2014-02-17', 114, 3, 2, 1, 0, 0, 0, 0),
(1485, '2014-02-17', 52, 4, 2, 1, 0, 0, 0, 0),
(1486, '2014-02-17', 53, 5, 2, 1, 0, 0, 0, 0),
(1487, '2014-02-24', 5, 3, 2, 1, 0, 0, 0, 0),
(1488, '2014-02-24', 51, 4, 2, 1, 0, 0, 0, 0),
(1489, '2014-02-24', 33, 5, 2, 1, 0, 0, 0, 0),
(1490, '2014-03-03', 7, 3, 2, 1, 0, 0, 0, 0),
(1491, '2014-03-03', 6, 4, 2, 1, 0, 0, 0, 0),
(1492, '2014-03-03', 32, 5, 2, 1, 0, 0, 0, 0),
(1493, '2014-01-27', 114, 39, 1, 2, 0, 0, 20, 117),
(1494, '2014-03-17', 4, 6, 1, 2, 0, 0, 20, 124),
(1500, '2014-04-28', 5, 6, 1, 2, 0, 0, 2, 85),
(1501, '2014-05-12', 7, 6, 1, 2, 0, 0, 2, 12),
(1502, '2014-05-26', 30, 6, 1, 2, 0, 0, 2, 4),
(1503, '2014-06-02', 1, 6, 1, 2, 0, 0, 2, 179),
(1504, '2014-06-16', 5, 6, 1, 2, 0, 0, 20, 15),
(1506, '2014-06-23', 30, 6, 1, 2, 0, 0, 0, 11),
(1507, '2014-06-23', 35, 39, 1, 2, 0, 0, 14, 55),
(1508, '2014-07-07', 5, 1, 1, 2, 0, 0, 1, 15),
(1509, '2014-07-07', 3, 6, 1, 2, 0, 0, 20, 93),
(1510, '2014-07-14', 7, 6, 1, 2, 0, 0, 20, 12),
(1511, '2014-02-10', 51, 7, 3, 1, 11, 0, 0, 0),
(1512, '2014-02-10', 121, 8, 3, 1, 1, 0, 0, 0),
(1513, '2014-02-10', 63, 9, 3, 1, 22, 0, 0, 0),
(1514, '2014-02-10', 67, 33, 3, 1, 0, 0, 0, 0),
(1515, '2014-02-10', 116, 10, 3, 1, 6, 0, 0, 0),
(1516, '2014-02-17', 30, 7, 3, 1, 23, 0, 0, 0),
(1517, '2014-02-17', 106, 8, 3, 1, 1, 0, 0, 0),
(1518, '2014-02-17', 66, 9, 3, 1, 9, 0, 0, 0),
(1519, '2014-02-17', 93, 33, 3, 1, 0, 0, 0, 0),
(1520, '2014-02-17', 89, 10, 3, 1, 23, 0, 0, 0),
(1521, '2014-02-17', 52, 11, 3, 1, 11, 0, 0, 0),
(1522, '2014-02-17', 74, 12, 3, 1, 35, 0, 0, 0),
(1523, '2014-02-17', 79, 35, 3, 1, 0, 0, 0, 0),
(1524, '2014-02-17', 117, 13, 3, 1, 8, 0, 0, 0),
(1525, '2014-02-24', 6, 7, 3, 1, 28, 0, 0, 0),
(1526, '2014-03-03', 4, 7, 3, 1, 32, 0, 0, 0),
(1527, '2014-03-03', 54, 8, 3, 1, 12, 0, 0, 0),
(1528, '2014-03-03', 88, 9, 3, 1, 26, 0, 0, 0),
(1529, '2014-03-03', 94, 33, 3, 1, 0, 0, 0, 0),
(1530, '2014-03-03', 59, 10, 3, 1, 38, 0, 0, 0),
(1531, '2014-03-03', 31, 11, 3, 1, 13, 0, 0, 0),
(1532, '2014-03-03', 118, 12, 3, 1, 29, 0, 0, 0),
(1533, '2014-03-03', 60, 35, 3, 1, 0, 0, 0, 0),
(1534, '2014-03-03', 84, 13, 3, 1, 34, 0, 0, 0),
(1535, '2014-03-17', 8, 7, 3, 1, 31, 0, 0, 0),
(1536, '2014-03-17', 111, 8, 3, 1, 16, 0, 0, 0),
(1537, '2014-03-17', 105, 9, 3, 1, 0, 0, 0, 0),
(1538, '2014-03-17', 90, 33, 3, 1, 0, 0, 0, 0),
(1539, '2014-03-17', 4, 3, 2, 1, 0, 0, 0, 0),
(1540, '2014-03-17', 52, 4, 2, 1, 0, 0, 0, 0),
(1541, '2014-03-17', 53, 5, 2, 1, 0, 0, 0, 0),
(1542, '2014-03-24', 3, 3, 2, 1, 0, 0, 0, 0),
(1543, '2014-03-24', 51, 4, 2, 1, 0, 0, 0, 0),
(1544, '2014-03-24', 59, 5, 2, 1, 0, 0, 0, 0),
(1545, '2014-03-31', 114, 3, 2, 1, 0, 0, 0, 0),
(1546, '2014-03-31', 59, 4, 2, 1, 0, 0, 0, 0),
(1547, '2014-03-31', 32, 5, 2, 1, 0, 0, 0, 0),
(1548, '2014-04-07', 5, 3, 2, 1, 0, 0, 0, 0),
(1549, '2014-04-07', 6, 4, 2, 1, 0, 0, 0, 0),
(1550, '2014-04-07', 30, 5, 2, 1, 0, 0, 0, 0),
(1551, '2014-03-17', 51, 17, 4, 1, 0, 0, 0, 0),
(1552, '2014-03-17', 1, 18, 4, 1, 0, 0, 0, 0),
(1553, '2014-03-24', 6, 17, 4, 1, 0, 0, 0, 0),
(1554, '2014-03-17', 7, 32, 4, 1, 0, 0, 0, 0),
(1555, '2014-03-24', 114, 18, 4, 1, 0, 0, 0, 0),
(1556, '2014-03-24', 34, 19, 4, 1, 0, 0, 0, 0),
(1557, '2014-03-24', 33, 32, 4, 1, 0, 0, 0, 0),
(1558, '2014-03-31', 30, 17, 4, 1, 0, 0, 0, 0),
(1559, '2014-03-31', 7, 18, 4, 1, 0, 0, 0, 0),
(1560, '2014-03-31', 35, 19, 4, 1, 0, 0, 0, 0),
(1561, '2014-03-31', 85, 32, 4, 1, 0, 0, 0, 0),
(1562, '2014-04-07', 1, 17, 4, 1, 0, 0, 0, 0),
(1563, '2014-04-07', 3, 18, 4, 1, 0, 0, 0, 0),
(1564, '2014-04-07', 114, 19, 4, 1, 0, 0, 0, 0),
(1565, '2014-04-07', 53, 32, 4, 1, 0, 0, 0, 0),
(1566, '2014-03-17', 57, 10, 3, 1, 12, 0, 0, 0),
(1567, '2014-03-17', 33, 11, 3, 1, 10, 0, 0, 0),
(1568, '2014-03-17', 103, 12, 3, 1, 17, 0, 0, 0),
(1569, '2014-03-17', 98, 35, 3, 1, 0, 0, 0, 0),
(1570, '2014-03-17', 112, 13, 3, 1, 2, 0, 0, 0),
(1571, '2014-03-17', 10, 36, 3, 1, 0, 0, 0, 0),
(1572, '2014-03-24', 5, 7, 3, 1, 53, 0, 0, 0),
(1573, '2014-03-24', 76, 8, 3, 1, 6, 0, 0, 0),
(1574, '2014-03-24', 95, 9, 3, 1, 24, 0, 0, 0),
(1575, '2014-03-24', 73, 33, 3, 1, 0, 0, 0, 0),
(1577, '2014-03-24', 71, 10, 3, 1, 0, 0, 0, 0),
(1578, '2014-03-31', 3, 7, 3, 1, 50, 0, 0, 0),
(1579, '2014-03-31', 53, 8, 3, 1, 12, 0, 0, 0),
(1580, '2014-03-31', 100, 9, 3, 1, 23, 0, 0, 0),
(1581, '2014-03-31', 65, 33, 3, 1, 0, 0, 0, 0),
(1582, '2014-03-31', 119, 10, 3, 1, 2, 0, 0, 0),
(1583, '2014-04-14', 7, 3, 2, 1, 0, 0, 0, 0),
(1584, '2014-04-14', 5, 4, 2, 1, 0, 0, 0, 0),
(1585, '2014-04-14', 32, 5, 2, 1, 0, 0, 0, 0),
(1586, '2014-04-21', 35, 3, 2, 1, 0, 0, 0, 0),
(1587, '2014-04-21', 52, 4, 2, 1, 0, 0, 0, 0),
(1588, '2014-04-21', 53, 5, 2, 1, 0, 0, 0, 0),
(1589, '2014-04-28', 114, 3, 2, 1, 0, 0, 0, 0),
(1590, '2014-04-28', 59, 4, 2, 1, 0, 0, 0, 0),
(1591, '2014-04-28', 85, 5, 2, 1, 0, 0, 0, 0),
(1592, '2014-05-05', 4, 3, 2, 1, 0, 0, 0, 0),
(1593, '2014-05-05', 51, 4, 2, 1, 0, 0, 0, 0),
(1594, '2014-05-05', 33, 5, 2, 1, 0, 0, 0, 0),
(1595, '2014-04-14', 34, 17, 4, 1, 0, 0, 0, 0),
(1596, '2014-04-14', 51, 18, 4, 1, 0, 0, 0, 0),
(1597, '2014-04-14', 3, 32, 4, 1, 0, 0, 0, 0),
(1598, '2014-04-21', 6, 17, 4, 1, 0, 0, 0, 0),
(1599, '2014-04-21', 1, 18, 4, 1, 0, 0, 0, 0),
(1600, '2014-04-21', 30, 19, 4, 1, 0, 0, 0, 0),
(1601, '2014-04-21', 114, 32, 4, 1, 0, 0, 0, 0),
(1602, '2014-04-28', 34, 17, 4, 1, 0, 0, 0, 0),
(1603, '2014-04-28', 5, 18, 4, 1, 0, 0, 0, 0),
(1604, '2014-04-28', 35, 19, 4, 1, 0, 0, 0, 0),
(1605, '2014-04-28', 4, 32, 4, 1, 0, 0, 0, 0),
(1606, '2014-05-05', 6, 17, 4, 1, 0, 0, 0, 0),
(1607, '2014-05-05', 114, 18, 4, 1, 0, 0, 0, 0),
(1608, '2014-05-05', 3, 19, 4, 1, 0, 0, 0, 0),
(1609, '2014-05-05', 5, 32, 4, 1, 0, 0, 0, 0),
(1610, '2014-04-07', 114, 7, 3, 1, 34, 0, 0, 0),
(1611, '2014-04-07', 89, 8, 3, 1, 1, 0, 0, 0),
(1612, '2014-04-07', 97, 9, 3, 1, 22, 0, 0, 0),
(1613, '2014-04-07', 58, 33, 3, 1, 0, 0, 0, 0),
(1614, '2014-04-07', 85, 10, 3, 1, 20, 0, 0, 0),
(1615, '2014-04-14', 1, 7, 3, 1, 23, 0, 0, 0),
(1616, '2014-04-14', 56, 8, 3, 1, 12, 0, 0, 0),
(1617, '2014-04-14', 110, 9, 3, 1, 5, 0, 0, 0),
(1618, '2014-04-14', 107, 33, 3, 1, 0, 0, 0, 0),
(1619, '2014-04-14', 115, 10, 3, 1, 20, 0, 0, 0),
(1620, '2014-04-21', 7, 7, 3, 1, 50, 0, 0, 0),
(1621, '2014-04-21', 104, 8, 3, 1, 7, 0, 0, 0),
(1622, '2014-04-21', 64, 9, 3, 1, 12, 0, 0, 0),
(1623, '2014-04-21', 72, 33, 3, 1, 0, 0, 0, 0),
(1624, '2014-04-21', 52, 10, 3, 1, 12, 0, 0, 0),
(1625, '2014-04-21', 121, 11, 3, 1, 2, 0, 0, 0),
(1626, '2014-04-21', 62, 12, 3, 1, 6, 0, 0, 0),
(1627, '2014-04-21', 61, 35, 3, 1, 0, 0, 0, 0),
(1628, '2014-04-21', 32, 13, 3, 1, 50, 0, 0, 0),
(1629, '2014-04-28', 51, 7, 3, 1, 11, 0, 0, 0),
(1630, '2014-03-03', 114, 6, 1, 2, 0, 0, 2, 107),
(1631, '2014-04-21', 4, 1, 1, 2, 0, 0, 1, 0),
(1632, '2014-06-30', 1, 6, 1, 2, 0, 0, 21, 90),
(1633, '2014-07-28', 35, 6, 1, 2, 0, 0, 21, 108),
(1634, '2014-08-04', 7, 6, 1, 2, 0, 0, 21, 12),
(1635, '2014-08-11', 1, 1, 1, 2, 0, 0, 1, 179),
(1636, '2014-08-11', 114, 6, 1, 2, 0, 0, 21, 20),
(1637, '2014-08-18', 35, 6, 1, 2, 0, 0, 20, 55),
(1638, '2014-08-25', 114, 6, 1, 2, 0, 0, 20, 117),
(1639, '2014-09-01', 1, 6, 1, 2, 0, 0, 20, 79),
(1640, '2014-09-01', 35, 39, 1, 2, 0, 0, 2, 98),
(1642, '2014-09-22', 114, 1, 1, 2, 0, 0, 1, 32),
(1644, '2014-05-12', 7, 3, 2, 1, 0, 0, 0, 0),
(1645, '2014-05-12', 3, 4, 2, 1, 0, 0, 0, 0),
(1646, '2014-05-12', 89, 5, 2, 1, 0, 0, 0, 0),
(1647, '2014-05-19', 114, 3, 2, 1, 0, 0, 0, 0),
(1648, '2014-05-19', 52, 4, 2, 1, 0, 0, 0, 0),
(1649, '2014-05-19', 85, 5, 2, 1, 0, 0, 0, 0),
(1650, '2014-05-26', 4, 3, 2, 1, 0, 0, 0, 0),
(1651, '2014-05-26', 59, 4, 2, 1, 0, 0, 0, 0),
(1652, '2014-05-26', 33, 5, 2, 1, 0, 0, 0, 0),
(1653, '2014-06-02', 5, 3, 2, 1, 0, 0, 0, 0),
(1654, '2014-06-02', 51, 4, 2, 1, 0, 0, 0, 0),
(1655, '2014-06-02', 53, 5, 2, 1, 0, 0, 0, 0),
(1656, '2014-05-12', 30, 17, 4, 1, 0, 0, 0, 0),
(1657, '2014-05-12', 4, 18, 4, 1, 0, 0, 0, 0),
(1658, '2014-05-12', 114, 32, 4, 1, 0, 0, 0, 0),
(1659, '2014-05-19', 51, 17, 4, 1, 0, 0, 0, 0),
(1660, '2014-05-19', 6, 18, 4, 1, 0, 0, 0, 0),
(1661, '2014-05-19', 34, 19, 4, 1, 0, 0, 0, 0),
(1662, '2014-05-19', 35, 32, 4, 1, 0, 0, 0, 0),
(1663, '2014-05-26', 1, 17, 4, 1, 0, 0, 0, 0),
(1664, '2014-05-26', 5, 18, 4, 1, 0, 0, 0, 0),
(1665, '2014-05-26', 35, 19, 4, 1, 0, 0, 0, 0),
(1666, '2014-05-26', 52, 32, 4, 1, 0, 0, 0, 0),
(1667, '2014-06-02', 34, 17, 4, 1, 0, 0, 0, 0),
(1668, '2014-06-02', 3, 18, 4, 1, 0, 0, 0, 0),
(1669, '2014-06-02', 7, 19, 4, 1, 0, 0, 0, 0),
(1670, '2014-06-02', 6, 32, 4, 1, 0, 0, 0, 0),
(1671, '2014-05-05', 34, 7, 3, 1, 49, 0, 0, 0),
(1672, '2014-05-05', 116, 8, 3, 1, 7, 0, 0, 0),
(1673, '2014-05-05', 122, 9, 3, 1, 1, 0, 0, 0),
(1674, '2014-05-05', 80, 33, 3, 1, 0, 0, 0, 0),
(1675, '2014-05-05', 106, 10, 3, 1, 21, 0, 0, 0),
(1676, '2014-05-12', 6, 7, 3, 1, 28, 0, 0, 0),
(1677, '2014-05-12', 117, 8, 3, 1, 10, 0, 0, 0),
(1678, '2014-05-12', 120, 9, 3, 1, 1, 0, 0, 0),
(1679, '2014-05-12', 77, 33, 3, 1, 0, 0, 0, 0),
(1680, '2014-05-12', 54, 10, 3, 1, 13, 0, 0, 0),
(1681, '2014-05-12', 59, 11, 3, 1, 7, 0, 0, 0),
(1682, '2014-05-12', 79, 12, 3, 1, 31, 0, 0, 0),
(1683, '2014-05-12', 75, 35, 3, 1, 0, 0, 0, 0),
(1684, '2014-05-12', 63, 13, 3, 1, 23, 0, 0, 0),
(1685, '2014-05-12', 93, 36, 3, 1, 0, 0, 0, 0),
(1686, '2014-05-19', 30, 7, 3, 1, 23, 0, 0, 0),
(1687, '2014-05-19', 106, 8, 3, 1, 14, 0, 0, 0),
(1688, '2014-05-19', 67, 9, 3, 1, 2, 0, 0, 0),
(1689, '2014-05-19', 103, 33, 3, 1, 0, 0, 0, 0),
(1690, '2014-05-19', 84, 10, 3, 1, 34, 0, 0, 0),
(1691, '2014-05-26', 3, 7, 3, 1, 50, 0, 0, 0),
(1692, '2014-05-26', 33, 8, 3, 1, 12, 0, 0, 0),
(1693, '2014-05-26', 74, 9, 3, 1, 36, 0, 0, 0),
(1694, '2014-05-26', 60, 33, 3, 1, 0, 0, 0, 0),
(1695, '2014-05-26', 111, 10, 3, 1, 17, 0, 0, 0),
(1696, '2014-06-02', 4, 7, 3, 1, 32, 0, 0, 0),
(1697, '2014-06-02', 57, 8, 3, 1, 13, 0, 0, 0),
(1698, '2014-06-02', 66, 9, 3, 1, 10, 0, 0, 0),
(1699, '2014-06-02', 94, 33, 3, 1, 0, 0, 0, 0),
(1700, '2014-06-02', 71, 10, 3, 1, 8, 0, 0, 0),
(1701, '2014-07-14', 117, 26, 6, 1, 0, 0, 0, 0),
(1703, '2014-07-14', 34, 2, 1, 2, 0, 0, 0, 0),
(1704, '2014-07-14', 114, 4, 1, 2, 0, 0, 0, 0),
(1705, '2014-06-16', 4, 3, 2, 1, 0, 0, 0, 0),
(1706, '2014-06-16', 6, 4, 2, 1, 0, 0, 0, 0),
(1707, '2014-06-16', 32, 5, 2, 1, 0, 0, 0, 0),
(1708, '2014-06-23', 114, 3, 2, 1, 0, 0, 0, 0),
(1709, '2014-06-23', 7, 4, 2, 1, 0, 0, 0, 0),
(1710, '2014-06-23', 59, 5, 2, 1, 0, 0, 0, 0),
(1711, '2014-06-30', 7, 3, 2, 1, 0, 0, 0, 0),
(1712, '2014-06-30', 59, 4, 2, 1, 0, 0, 0, 0),
(1713, '2014-06-30', 85, 5, 2, 1, 0, 0, 0, 0),
(1714, '2014-07-07', 5, 3, 2, 1, 0, 0, 0, 0),
(1715, '2014-07-07', 51, 4, 2, 1, 0, 0, 0, 0),
(1716, '2014-07-07', 89, 5, 2, 1, 0, 0, 0, 0),
(1717, '2014-06-16', 30, 17, 4, 1, 0, 0, 0, 0),
(1718, '2014-06-16', 34, 32, 4, 1, 0, 0, 0, 0),
(1719, '2014-06-23', 51, 17, 4, 1, 0, 0, 0, 0),
(1720, '2014-06-23', 1, 18, 4, 1, 0, 0, 0, 0),
(1721, '2014-06-30', 34, 17, 4, 1, 0, 0, 0, 0),
(1722, '2014-06-30', 5, 18, 4, 1, 0, 0, 0, 0),
(1723, '2014-07-07', 6, 17, 4, 1, 0, 0, 0, 0),
(1724, '2014-07-07', 35, 18, 4, 1, 0, 0, 0, 0),
(1725, '2014-07-07', 7, 19, 4, 1, 0, 0, 0, 0),
(1726, '2014-07-07', 33, 32, 4, 1, 0, 0, 0, 0),
(1727, '2014-06-30', 30, 32, 4, 1, 0, 0, 0, 0),
(1728, '2014-06-23', 35, 32, 4, 1, 0, 0, 0, 0),
(1729, '2014-04-28', 59, 26, 6, 1, 0, 0, 0, 0),
(1730, '2014-04-28', 52, 27, 6, 1, 0, 0, 0, 0),
(1731, '2014-04-28', 84, 24, 6, 1, 0, 0, 0, 0),
(1732, '2014-04-28', 6, 25, 6, 1, 0, 0, 0, 0),
(1733, '2014-04-28', 32, 22, 6, 2, 0, 0, 0, 0),
(1734, '2014-04-28', 89, 23, 6, 2, 0, 0, 0, 0),
(1735, '2014-04-28', 6, 20, 6, 2, 0, 0, 0, 0),
(1736, '2014-04-28', 85, 21, 6, 2, 0, 0, 0, 0),
(1737, '2014-05-05', 116, 26, 6, 1, 0, 0, 0, 0),
(1738, '2014-05-05', 117, 27, 6, 1, 0, 0, 0, 0),
(1739, '2014-05-05', 6, 24, 6, 1, 0, 0, 0, 0),
(1740, '2014-05-05', 84, 25, 6, 1, 0, 0, 0, 0),
(1741, '2014-05-05', 32, 22, 6, 2, 0, 0, 0, 0),
(1742, '2014-05-05', 1, 23, 6, 2, 0, 0, 0, 0),
(1743, '2014-05-05', 89, 20, 6, 2, 0, 0, 0, 0),
(1744, '2014-05-05', 59, 21, 6, 2, 0, 0, 0, 0),
(1745, '2014-05-12', 85, 26, 6, 1, 0, 0, 0, 0),
(1746, '2014-05-12', 89, 27, 6, 1, 0, 0, 0, 0),
(1747, '2014-05-12', 59, 24, 6, 1, 0, 0, 0, 0),
(1748, '2014-05-12', 6, 25, 6, 1, 0, 0, 0, 0),
(1749, '2014-05-12', 32, 22, 6, 2, 0, 0, 0, 0),
(1750, '2014-05-12', 6, 23, 6, 2, 0, 0, 0, 0),
(1751, '2014-05-12', 85, 20, 6, 2, 0, 0, 0, 0),
(1752, '2014-05-12', 59, 21, 6, 2, 0, 0, 0, 0),
(1753, '2014-05-19', 52, 26, 6, 1, 0, 0, 0, 0),
(1754, '2014-05-19', 59, 27, 6, 1, 0, 0, 0, 0),
(1755, '2014-05-19', 117, 24, 6, 1, 0, 0, 0, 0),
(1756, '2014-05-19', 6, 25, 6, 1, 0, 0, 0, 0),
(1757, '2014-05-19', 106, 22, 6, 2, 0, 0, 0, 0),
(1758, '2014-05-19', 32, 23, 6, 2, 0, 0, 0, 0),
(1759, '2014-05-19', 84, 20, 6, 2, 0, 0, 0, 0),
(1760, '2014-05-19', 85, 21, 6, 2, 0, 0, 0, 0),
(1761, '2014-05-26', 116, 26, 6, 1, 0, 0, 0, 0),
(1762, '2014-05-26', 117, 27, 6, 1, 0, 0, 0, 0),
(1763, '2014-05-26', 6, 24, 6, 1, 0, 0, 0, 0),
(1764, '2014-05-26', 84, 25, 6, 1, 0, 0, 0, 0),
(1765, '2014-05-26', 6, 22, 6, 2, 0, 0, 0, 0),
(1766, '2014-05-26', 85, 23, 6, 2, 0, 0, 0, 0),
(1767, '2014-05-26', 5, 20, 6, 2, 0, 0, 0, 0),
(1768, '2014-05-26', 106, 21, 6, 2, 0, 0, 0, 0),
(1769, '2014-06-02', 117, 26, 6, 1, 0, 0, 0, 0),
(1770, '2014-06-02', 59, 27, 6, 1, 0, 0, 0, 0),
(1771, '2014-06-02', 6, 24, 6, 1, 0, 0, 0, 0),
(1772, '2014-06-02', 84, 25, 6, 1, 0, 0, 0, 0),
(1773, '2014-06-02', 116, 22, 6, 2, 0, 0, 0, 0),
(1774, '2014-06-02', 106, 23, 6, 2, 0, 0, 0, 0),
(1775, '2014-06-02', 84, 20, 6, 2, 0, 0, 0, 0),
(1776, '2014-06-02', 5, 21, 6, 2, 0, 0, 0, 0),
(1777, '2014-06-16', 52, 26, 6, 1, 0, 0, 0, 0),
(1778, '2014-06-16', 85, 27, 6, 1, 0, 0, 0, 0),
(1779, '2014-06-16', 116, 24, 6, 1, 0, 0, 0, 0),
(1780, '2014-06-16', 6, 25, 6, 1, 0, 0, 0, 0),
(1781, '2014-06-16', 32, 22, 6, 2, 0, 0, 0, 0),
(1782, '2014-06-16', 59, 23, 6, 2, 0, 0, 0, 0),
(1783, '2014-06-16', 117, 20, 6, 2, 0, 0, 0, 0),
(1784, '2014-06-16', 5, 21, 6, 2, 0, 0, 0, 0),
(1785, '2014-06-23', 116, 26, 6, 1, 0, 0, 0, 0),
(1786, '2014-06-23', 117, 27, 6, 1, 0, 0, 0, 0),
(1787, '2014-06-23', 85, 24, 6, 1, 0, 0, 0, 0),
(1788, '2014-06-23', 1, 25, 6, 1, 0, 0, 0, 0),
(1789, '2014-06-23', 84, 22, 6, 2, 0, 0, 0, 0),
(1790, '2014-06-23', 1, 23, 6, 2, 0, 0, 0, 0),
(1791, '2014-06-23', 6, 20, 6, 2, 0, 0, 0, 0),
(1792, '2014-06-23', 106, 21, 6, 2, 0, 0, 0, 0),
(1793, '2014-06-30', 52, 26, 6, 1, 0, 0, 0, 0),
(1794, '2014-06-30', 89, 27, 6, 1, 0, 0, 0, 0),
(1795, '2014-06-30', 85, 24, 6, 1, 0, 0, 0, 0),
(1796, '2014-06-30', 84, 25, 6, 1, 0, 0, 0, 0),
(1797, '2014-06-30', 84, 22, 6, 2, 0, 0, 0, 0),
(1798, '2014-06-30', 32, 23, 6, 2, 0, 0, 0, 0),
(1799, '2014-06-30', 89, 20, 6, 2, 0, 0, 0, 0),
(1800, '2014-06-30', 59, 21, 6, 2, 0, 0, 0, 0),
(1801, '2014-07-07', 84, 24, 6, 1, 0, 0, 0, 0),
(1802, '2014-07-07', 6, 25, 6, 1, 0, 0, 0, 0),
(1803, '2014-07-07', 59, 26, 6, 1, 0, 0, 0, 0),
(1804, '2014-07-07', 52, 27, 6, 1, 0, 0, 0, 0),
(1805, '2014-07-07', 32, 22, 6, 2, 0, 0, 0, 0),
(1806, '2014-07-07', 117, 23, 6, 2, 0, 0, 0, 0),
(1807, '2014-07-07', 5, 20, 6, 2, 0, 0, 0, 0),
(1808, '2014-07-07', 89, 21, 6, 2, 0, 0, 0, 0),
(1809, '2014-07-14', 116, 27, 6, 1, 0, 0, 0, 0),
(1810, '2014-07-14', 59, 24, 6, 1, 0, 0, 0, 0),
(1811, '2014-07-14', 6, 25, 6, 1, 0, 0, 0, 0),
(1812, '2014-08-04', 51, 7, 3, 1, 49, 0, 0, 0),
(1813, '2014-08-04', 124, 26, 6, 1, 0, 0, 0, 0),
(1814, '2014-05-12', 4, 30, 5, 1, 0, 0, 0, 0),
(1815, '2014-05-12', 5, 31, 5, 1, 0, 0, 0, 0),
(1816, '2014-05-12', 32, 28, 5, 2, 0, 0, 0, 0),
(1817, '2014-05-12', 30, 29, 5, 2, 0, 0, 0, 0),
(1818, '2014-05-19', 3, 30, 5, 1, 0, 0, 0, 0),
(1819, '2014-05-19', 1, 31, 5, 1, 0, 0, 0, 0),
(1820, '2014-05-19', 35, 28, 5, 2, 0, 0, 0, 0),
(1821, '2014-05-19', 5, 29, 5, 2, 0, 0, 0, 0),
(1822, '2014-05-26', 33, 30, 5, 1, 0, 0, 0, 0),
(1823, '2014-05-26', 6, 31, 5, 1, 0, 0, 0, 0),
(1824, '2014-05-26', 7, 28, 5, 2, 0, 0, 0, 0),
(1825, '2014-05-26', 35, 29, 5, 2, 0, 0, 0, 0),
(1826, '2014-06-02', 1, 30, 5, 1, 0, 0, 0, 0),
(1827, '2014-06-02', 5, 31, 5, 1, 0, 0, 0, 0),
(1828, '2014-06-02', 6, 28, 5, 2, 0, 0, 0, 0),
(1829, '2014-06-02', 32, 29, 5, 2, 0, 0, 0, 0),
(1830, '2014-06-16', 34, 30, 5, 1, 0, 0, 0, 0),
(1831, '2014-06-16', 30, 31, 5, 1, 0, 0, 0, 0),
(1832, '2014-06-16', 1, 28, 5, 2, 0, 0, 0, 0),
(1833, '2014-06-16', 53, 29, 5, 2, 0, 0, 0, 0),
(1834, '2014-06-23', 7, 30, 5, 1, 0, 0, 0, 0),
(1835, '2014-06-23', 6, 31, 5, 1, 0, 0, 0, 0),
(1836, '2014-06-23', 4, 28, 5, 2, 0, 0, 0, 0),
(1837, '2014-06-23', 114, 29, 5, 2, 0, 0, 0, 0),
(1838, '2014-06-30', 32, 30, 5, 1, 0, 0, 0, 0),
(1839, '2014-06-30', 6, 31, 5, 1, 0, 0, 0, 0),
(1840, '2014-06-30', 52, 28, 5, 2, 0, 0, 0, 0),
(1841, '2014-06-30', 34, 29, 5, 2, 0, 0, 0, 0),
(1842, '2014-07-07', 33, 30, 5, 1, 0, 0, 0, 0),
(1843, '2014-07-07', 53, 31, 5, 1, 0, 0, 0, 0),
(1844, '2014-07-07', 35, 28, 5, 2, 0, 0, 0, 0),
(1845, '2014-07-07', 1, 29, 5, 2, 0, 0, 0, 0),
(1846, '2014-07-14', 52, 30, 5, 1, 0, 0, 0, 0),
(1847, '2014-07-14', 30, 31, 5, 1, 0, 0, 0, 0),
(1848, '2014-07-14', 33, 28, 5, 2, 0, 0, 0, 0),
(1849, '2014-07-14', 5, 29, 5, 2, 0, 0, 0, 0),
(1850, '2014-07-21', 32, 30, 5, 1, 0, 0, 0, 0),
(1851, '2014-07-21', 4, 31, 5, 1, 0, 0, 0, 0),
(1852, '2014-07-21', 6, 28, 5, 2, 0, 0, 0, 0),
(1853, '2014-07-21', 114, 29, 5, 2, 0, 0, 0, 0),
(1854, '2014-07-28', 34, 30, 5, 1, 0, 0, 0, 0),
(1855, '2014-07-28', 7, 31, 5, 1, 0, 0, 0, 0),
(1856, '2014-07-28', 5, 28, 5, 2, 0, 0, 0, 0),
(1857, '2014-07-28', 1, 29, 5, 2, 0, 0, 0, 0),
(1858, '2014-08-04', 4, 30, 5, 1, 0, 0, 0, 0),
(1859, '2014-08-04', 30, 31, 5, 1, 0, 0, 0, 0),
(1860, '2014-08-04', 35, 28, 5, 2, 0, 0, 0, 0),
(1861, '2014-08-04', 32, 29, 5, 2, 0, 0, 0, 0),
(1862, '2014-08-11', 3, 30, 5, 1, 0, 0, 0, 0),
(1863, '2014-08-11', 33, 31, 5, 1, 0, 0, 0, 0),
(1864, '2014-08-11', 52, 28, 5, 2, 0, 0, 0, 0),
(1865, '2014-08-11', 53, 29, 5, 2, 0, 0, 0, 0),
(1866, '2014-08-18', 1, 30, 5, 1, 0, 0, 0, 0),
(1867, '2014-08-18', 32, 31, 5, 1, 0, 0, 0, 0),
(1868, '2014-08-18', 6, 28, 5, 2, 0, 0, 0, 0),
(1869, '2014-08-18', 4, 29, 5, 2, 0, 0, 0, 0),
(1870, '2014-08-25', 52, 30, 5, 1, 0, 0, 0, 0),
(1871, '2014-08-25', 53, 31, 5, 1, 0, 0, 0, 0),
(1872, '2014-08-25', 35, 28, 5, 2, 0, 0, 0, 0),
(1873, '2014-08-25', 1, 29, 5, 2, 0, 0, 0, 0),
(1874, '2014-09-01', 32, 30, 5, 1, 0, 0, 0, 0),
(1875, '2014-09-01', 34, 31, 5, 1, 0, 0, 0, 0),
(1876, '2014-09-01', 7, 28, 5, 2, 0, 0, 0, 0),
(1877, '2014-09-01', 6, 29, 5, 2, 0, 0, 0, 0),
(1878, '2014-09-08', 7, 30, 5, 1, 0, 0, 0, 0),
(1879, '2014-09-08', 3, 31, 5, 1, 0, 0, 0, 0),
(1880, '2014-09-08', 32, 28, 5, 2, 0, 0, 0, 0),
(1881, '2014-09-08', 4, 29, 5, 2, 0, 0, 0, 0),
(1882, '2014-09-15', 114, 30, 5, 1, 0, 0, 0, 0),
(1883, '2014-09-15', 32, 31, 5, 1, 0, 0, 0, 0),
(1884, '2014-09-15', 5, 28, 5, 2, 0, 0, 0, 0),
(1885, '2014-09-15', 33, 29, 5, 2, 0, 0, 0, 0),
(1886, '2014-09-22', 33, 30, 5, 1, 0, 0, 0, 0),
(1887, '2014-09-22', 1, 31, 5, 1, 0, 0, 0, 0),
(1888, '2014-09-22', 1, 28, 5, 2, 0, 0, 0, 0),
(1889, '2014-09-22', 114, 29, 5, 2, 0, 0, 0, 0),
(1890, '2014-09-29', 32, 30, 5, 1, 0, 0, 0, 0),
(1891, '2014-09-29', 3, 31, 5, 1, 0, 0, 0, 0),
(1892, '2014-09-29', 30, 28, 5, 2, 0, 0, 0, 0),
(1893, '2014-09-29', 7, 29, 5, 2, 0, 0, 0, 0),
(1894, '2014-10-06', 33, 30, 5, 1, 0, 0, 0, 0),
(1895, '2014-10-06', 6, 31, 5, 1, 0, 0, 0, 0),
(1896, '2014-10-06', 1, 28, 5, 2, 0, 0, 0, 0),
(1897, '2014-10-06', 32, 29, 5, 2, 0, 0, 0, 0),
(1898, '2014-10-13', 1, 30, 5, 1, 0, 0, 0, 0),
(1899, '2014-10-13', 53, 31, 5, 1, 0, 0, 0, 0),
(1900, '2014-10-13', 52, 28, 5, 2, 0, 0, 0, 0),
(1901, '2014-10-13', 114, 29, 5, 2, 0, 0, 0, 0),
(1902, '2014-10-20', 114, 30, 5, 1, 0, 0, 0, 0),
(1903, '2014-10-20', 5, 31, 5, 1, 0, 0, 0, 0),
(1904, '2014-10-20', 30, 28, 5, 2, 0, 0, 0, 0),
(1905, '2014-10-20', 32, 29, 5, 2, 0, 0, 0, 0),
(1906, '2014-10-27', 1, 30, 5, 1, 0, 0, 0, 0),
(1907, '2014-10-27', 7, 31, 5, 1, 0, 0, 0, 0),
(1908, '2014-10-27', 114, 28, 5, 2, 0, 0, 0, 0),
(1909, '2014-10-27', 52, 29, 5, 2, 0, 0, 0, 0),
(1910, '2014-05-12', 34, 2, 1, 2, 0, 0, 0, 0),
(1911, '2014-05-12', 4, 4, 1, 2, 0, 0, 0, 0),
(1912, '2014-05-19', 6, 2, 1, 2, 0, 0, 0, 0),
(1913, '2014-05-19', 114, 4, 1, 2, 0, 0, 0, 0),
(1914, '2014-05-26', 7, 2, 1, 2, 0, 0, 0, 0),
(1915, '2014-05-26', 5, 4, 1, 2, 0, 0, 0, 0),
(1916, '2014-06-02', 5, 2, 1, 2, 0, 0, 0, 0),
(1917, '2014-06-02', 35, 4, 1, 2, 0, 0, 0, 0),
(1918, '2014-06-16', 51, 2, 1, 2, 0, 0, 0, 0),
(1919, '2014-06-16', 30, 4, 1, 2, 0, 0, 0, 0),
(1920, '2014-06-23', 114, 2, 1, 2, 0, 0, 0, 0),
(1921, '2014-06-23', 1, 4, 1, 2, 0, 0, 0, 0),
(1922, '2014-06-30', 33, 2, 1, 2, 0, 0, 0, 0),
(1923, '2014-06-30', 7, 4, 1, 2, 0, 0, 0, 0),
(1924, '2014-07-07', 30, 2, 1, 2, 0, 0, 0, 0),
(1925, '2014-07-07', 4, 4, 1, 2, 0, 0, 0, 0),
(1926, '2014-07-21', 6, 2, 1, 2, 0, 0, 0, 0),
(1927, '2014-07-21', 1, 4, 1, 2, 0, 0, 0, 0),
(1929, '2014-07-28', 7, 2, 1, 2, 0, 0, 0, 0),
(1930, '2014-07-28', 5, 4, 1, 2, 0, 0, 0, 0),
(1931, '2014-08-04', 1, 2, 1, 2, 0, 0, 0, 0),
(1932, '2014-08-04', 7, 4, 1, 2, 0, 0, 0, 0),
(1933, '2014-08-11', 35, 2, 1, 2, 0, 0, 0, 0),
(1934, '2014-08-11', 51, 4, 1, 2, 0, 0, 0, 0),
(1935, '2014-08-18', 114, 2, 1, 2, 0, 0, 0, 0),
(1936, '2014-08-18', 1, 4, 1, 2, 0, 0, 0, 0),
(1937, '2014-08-25', 33, 2, 1, 2, 0, 0, 0, 0),
(1938, '2014-08-25', 4, 4, 1, 2, 0, 0, 0, 0),
(1939, '2014-09-01', 3, 1, 1, 2, 0, 0, 1, 14),
(1940, '2014-09-15', 114, 6, 1, 2, 0, 0, 23, 117),
(1941, '2014-09-22', 35, 6, 1, 2, 0, 0, 23, 98),
(1942, '2014-09-29', 1, 6, 1, 2, 0, 0, 23, 79),
(1943, '2014-10-20', 51, 1, 1, 2, 0, 0, 1, 50),
(1944, '2014-05-19', 81, 34, 3, 1, 0, 0, 0, 0),
(1945, '2014-05-19', 111, 11, 3, 1, 0, 0, 0, 0),
(1946, '2014-05-19', 100, 12, 3, 1, 0, 0, 0, 0),
(1947, '2014-05-19', 98, 35, 3, 1, 0, 0, 0, 0),
(1948, '2014-05-19', 72, 13, 3, 1, 0, 0, 0, 0),
(1949, '2014-05-19', 68, 36, 3, 1, 0, 0, 0, 0),
(1950, '2014-06-16', 5, 7, 3, 1, 53, 0, 0, 0),
(1951, '2014-06-16', 85, 8, 3, 1, 1, 0, 0, 0),
(1952, '2014-06-16', 118, 9, 3, 1, 44, 0, 0, 0),
(1953, '2014-06-16', 88, 33, 3, 1, 0, 0, 0, 0),
(1954, '2014-06-16', 89, 10, 3, 1, 24, 0, 0, 0),
(1955, '2014-06-23', 52, 7, 3, 1, 13, 0, 0, 0),
(1956, '2014-06-23', 76, 8, 3, 1, 12, 0, 0, 0),
(1957, '2014-06-23', 10, 9, 3, 1, 44, 0, 0, 0),
(1958, '2014-06-23', 103, 33, 3, 1, 0, 0, 0, 0),
(1959, '2014-06-23', 53, 10, 3, 1, 31, 0, 0, 0),
(1960, '2014-06-23', 119, 11, 3, 1, 5, 0, 0, 0),
(1961, '2014-06-23', 105, 12, 3, 1, 48, 0, 0, 0),
(1962, '2014-06-23', 98, 35, 3, 1, 0, 0, 0, 0),
(1963, '2014-06-23', 56, 13, 3, 1, 13, 0, 0, 0),
(1964, '2014-06-30', 114, 7, 3, 1, 34, 0, 0, 0),
(1965, '2014-07-07', 1, 7, 3, 1, 23, 0, 0, 0),
(1966, '2014-07-07', 121, 8, 3, 1, 3, 0, 0, 0),
(1967, '2014-07-07', 90, 9, 3, 1, 12, 0, 0, 0),
(1968, '2014-07-07', 73, 33, 3, 1, 0, 0, 0, 0),
(1969, '2014-07-07', 115, 10, 3, 1, 21, 0, 0, 0),
(1970, '2014-07-07', 104, 11, 3, 1, 1, 0, 0, 0),
(1971, '2014-07-07', 95, 12, 3, 1, 26, 0, 0, 0),
(1972, '2014-07-07', 65, 35, 3, 1, 0, 0, 0, 0),
(1973, '2014-07-07', 100, 13, 3, 1, 27, 0, 0, 0),
(1974, '2014-07-07', 61, 36, 3, 1, 0, 0, 0, 0),
(1975, '2014-07-14', 3, 3, 2, 1, 0, 0, 0, 0),
(1976, '2014-07-14', 30, 4, 2, 1, 0, 0, 0, 0),
(1977, '2014-07-14', 32, 5, 2, 1, 0, 0, 0, 0),
(1978, '2014-07-21', 1, 3, 2, 1, 0, 0, 0, 0),
(1979, '2014-07-21', 5, 4, 2, 1, 0, 0, 0, 0),
(1980, '2014-07-21', 53, 5, 2, 1, 0, 0, 0, 0),
(1981, '2014-07-28', 4, 3, 2, 1, 0, 0, 0, 0),
(1982, '2014-07-28', 1, 4, 2, 1, 0, 0, 0, 0),
(1983, '2014-07-28', 33, 5, 2, 1, 0, 0, 0, 0),
(1984, '2014-08-04', 7, 3, 2, 1, 0, 0, 0, 0),
(1985, '2014-08-04', 4, 4, 2, 1, 0, 0, 0, 0),
(1986, '2014-08-04', 51, 5, 2, 1, 0, 0, 0, 0),
(1987, '2014-08-11', 5, 3, 2, 1, 0, 0, 0, 0),
(1988, '2014-08-11', 52, 4, 2, 1, 0, 0, 0, 0),
(1989, '2014-08-11', 85, 5, 2, 1, 0, 0, 0, 0),
(1990, '2014-08-18', 114, 3, 2, 1, 0, 0, 0, 0),
(1991, '2014-08-18', 6, 4, 2, 1, 0, 0, 0, 0),
(1992, '2014-08-18', 32, 5, 2, 1, 0, 0, 0, 0),
(1993, '2014-08-25', 35, 3, 2, 1, 0, 0, 0, 0),
(1994, '2014-08-25', 59, 4, 2, 1, 0, 0, 0, 0),
(1995, '2014-08-25', 33, 5, 2, 1, 0, 0, 0, 0),
(1996, '2014-09-01', 1, 3, 2, 1, 0, 0, 0, 0),
(1997, '2014-09-01', 51, 4, 2, 1, 0, 0, 0, 0),
(1998, '2014-09-01', 89, 5, 2, 1, 0, 0, 0, 0),
(1999, '2014-07-14', 52, 17, 4, 1, 0, 0, 0, 0),
(2000, '2014-07-14', 30, 18, 4, 1, 0, 0, 0, 0),
(2001, '2014-07-14', 34, 19, 4, 1, 0, 0, 0, 0),
(2002, '2014-07-14', 114, 32, 4, 1, 0, 0, 0, 0),
(2003, '2014-07-21', 6, 17, 4, 1, 0, 0, 0, 0),
(2004, '2014-07-21', 51, 18, 4, 1, 0, 0, 0, 0),
(2005, '2014-07-21', 7, 32, 4, 1, 0, 0, 0, 0),
(2006, '2014-07-21', 53, 19, 4, 1, 0, 0, 0, 0),
(2007, '2014-07-28', 34, 17, 4, 1, 0, 0, 0, 0),
(2008, '2014-07-28', 30, 18, 4, 1, 0, 0, 0, 0),
(2009, '2014-07-28', 5, 19, 4, 1, 0, 0, 0, 0),
(2010, '2014-07-28', 85, 32, 4, 1, 0, 0, 0, 0),
(2011, '2014-08-04', 52, 17, 4, 1, 0, 0, 0, 0),
(2012, '2014-08-04', 114, 18, 4, 1, 0, 0, 0, 0),
(2013, '2014-08-04', 1, 19, 4, 1, 0, 0, 0, 0),
(2014, '2014-08-04', 89, 32, 4, 1, 0, 0, 0, 0),
(2015, '2014-08-11', 53, 17, 4, 1, 0, 0, 0, 0),
(2016, '2014-08-11', 6, 18, 4, 1, 0, 0, 0, 0),
(2017, '2014-08-11', 34, 19, 4, 1, 0, 0, 0, 0),
(2018, '2014-08-11', 30, 32, 4, 1, 0, 0, 0, 0),
(2019, '2014-08-18', 4, 17, 4, 1, 0, 0, 0, 0),
(2020, '2014-08-18', 3, 18, 4, 1, 0, 0, 0, 0),
(2021, '2014-08-18', 1, 32, 4, 1, 0, 0, 0, 0),
(2022, '2014-08-25', 51, 17, 4, 1, 0, 0, 0, 0),
(2023, '2014-08-25', 7, 18, 4, 1, 0, 0, 0, 0),
(2024, '2014-08-25', 1, 19, 4, 1, 0, 0, 0, 0),
(2025, '2014-08-25', 3, 32, 4, 1, 0, 0, 0, 0),
(2026, '2014-09-01', 30, 17, 4, 1, 0, 0, 0, 0),
(2027, '2014-09-01', 5, 18, 4, 1, 0, 0, 0, 0),
(2028, '2014-09-01', 114, 19, 4, 1, 0, 0, 0, 0),
(2029, '2014-09-01', 7, 32, 4, 1, 0, 0, 0, 0),
(2030, '2014-09-29', 7, 7, 3, 1, 50, 0, 0, 0),
(2032, '2014-10-27', 7, 1, 1, 2, 0, 0, 1, 29),
(2035, '2014-07-14', 6, 7, 3, 1, 23, 0, 0, 0),
(2036, '2014-07-14', 106, 8, 3, 1, 1, 0, 0, 0),
(2037, '2014-07-14', 97, 9, 3, 1, 22, 0, 0, 0),
(2038, '2014-07-14', 64, 33, 3, 1, 0, 0, 0, 0),
(2039, '2014-07-14', 116, 10, 3, 1, 10, 0, 0, 0),
(2040, '2014-07-21', 7, 7, 3, 1, 50, 0, 0, 0),
(2041, '2014-07-21', 54, 8, 3, 1, 14, 0, 0, 0),
(2042, '2014-07-21', 112, 9, 3, 1, 4, 0, 0, 0),
(2043, '2014-07-21', 62, 33, 3, 1, 0, 0, 0, 0),
(2044, '2014-07-21', 117, 10, 3, 1, 12, 0, 0, 0),
(2045, '2014-07-21', 59, 11, 3, 1, 7, 0, 0, 0),
(2046, '2014-07-21', 58, 12, 3, 1, 10, 0, 0, 0),
(2047, '2014-07-21', 72, 35, 3, 1, 0, 0, 0, 0),
(2048, '2014-07-21', 32, 13, 3, 1, 50, 0, 0, 0),
(2049, '2014-07-28', 34, 7, 3, 1, 23, 0, 0, 0),
(2050, '2014-07-28', 111, 8, 3, 1, 1, 0, 0, 0),
(2051, '2014-07-28', 110, 9, 3, 1, 6, 0, 0, 0),
(2052, '2014-07-28', 122, 33, 3, 1, 0, 0, 0, 0),
(2053, '2014-07-28', 31, 10, 3, 1, 33, 0, 0, 0),
(2054, '2014-08-04', 84, 8, 3, 1, 7, 0, 0, 0),
(2055, '2014-08-04', 80, 9, 3, 1, 6, 0, 0, 0),
(2056, '2014-08-04', 63, 33, 3, 1, 0, 0, 0, 0),
(2057, '2014-08-04', 71, 10, 3, 1, 9, 0, 0, 0),
(2058, '2014-08-11', 3, 7, 3, 1, 50, 0, 0, 0),
(2059, '2014-08-11', 125, 8, 3, 1, 1, 0, 0, 0),
(2060, '2014-08-11', 77, 9, 3, 1, 48, 0, 0, 0),
(2061, '2014-08-11', 107, 33, 3, 1, 0, 0, 0, 0),
(2062, '2014-08-11', 85, 10, 3, 1, 22, 0, 0, 0),
(2063, '2014-08-11', 89, 11, 3, 1, 13, 0, 0, 0),
(2064, '2014-08-11', 93, 12, 3, 1, 26, 0, 0, 0),
(2065, '2014-08-11', 68, 35, 3, 1, 0, 0, 0, 0),
(2066, '2014-08-11', 120, 13, 3, 1, 1, 0, 0, 0),
(2067, '2014-08-11', 88, 36, 3, 1, 0, 0, 0, 0),
(2068, '2014-08-18', 35, 7, 3, 1, 32, 0, 0, 0),
(2069, '2014-08-18', 57, 8, 3, 1, 14, 0, 0, 0),
(2070, '2014-08-18', 126, 9, 3, 1, 1, 0, 0, 0),
(2071, '2014-08-18', 67, 33, 3, 1, 0, 0, 0, 0),
(2072, '2014-08-18', 119, 10, 3, 1, 5, 0, 0, 0),
(2073, '2014-08-25', 5, 7, 3, 1, 53, 0, 0, 0),
(2074, '2014-09-01', 4, 7, 3, 1, 32, 0, 0, 0),
(2075, '2014-09-01', 33, 8, 3, 1, 13, 0, 0, 0),
(2076, '2014-09-01', 79, 9, 3, 1, 32, 0, 0, 0),
(2077, '2014-09-01', 118, 33, 3, 1, 0, 0, 0, 0),
(2078, '2014-09-01', 53, 10, 3, 1, 31, 0, 0, 0),
(2079, '2014-09-01', 76, 11, 3, 1, 12, 0, 0, 0),
(2080, '2014-09-01', 60, 12, 3, 1, 21, 0, 0, 0),
(2081, '2014-09-01', 94, 35, 3, 1, 0, 0, 0, 0),
(2082, '2014-09-01', 30, 13, 3, 1, 23, 0, 0, 0),
(2083, '2014-11-03', 3, 6, 1, 2, 0, 0, 24, 112),
(2084, '2014-10-27', 35, 6, 1, 2, 0, 0, 24, 159),
(2085, '2014-11-10', 114, 6, 1, 2, 0, 0, 24, 118),
(2086, '2014-12-01', 35, 1, 1, 2, 0, 0, 1, 108),
(2087, '2014-12-08', 7, 6, 1, 2, 0, 0, 24, 27),
(2088, '2014-12-15', 4, 6, 1, 2, 0, 0, 24, 155),
(2089, '2014-12-22', 5, 1, 1, 2, 0, 0, 1, 41),
(2090, '2014-12-29', 3, 6, 1, 2, 0, 0, 14, 182),
(2091, '2015-01-05', 30, 6, 1, 2, 0, 0, 3, 165),
(2092, '2015-01-12', 4, 6, 1, 2, 0, 0, 3, 11),
(2093, '2015-01-19', 1, 6, 1, 2, 0, 0, 3, 179),
(2094, '2015-01-26', 35, 6, 1, 2, 0, 0, 3, 98),
(2095, '2015-02-02', 30, 1, 1, 2, 0, 0, 1, 4),
(2096, '2015-02-09', 51, 1, 1, 2, 0, 0, 1, 0),
(2097, '2014-09-08', 34, 17, 4, 1, 0, 0, 0, 0),
(2098, '2014-09-08', 3, 18, 4, 1, 0, 0, 0, 0),
(2099, '2014-09-15', 114, 17, 4, 1, 0, 0, 0, 0),
(2100, '2014-09-15', 127, 18, 4, 1, 0, 0, 0, 0),
(2101, '2014-09-15', 59, 32, 4, 1, 0, 0, 0, 0),
(2102, '2014-09-08', 7, 32, 4, 1, 0, 0, 0, 0),
(2103, '2014-09-22', 52, 17, 4, 1, 0, 0, 0, 0),
(2104, '2014-09-22', 51, 18, 4, 1, 0, 0, 0, 0),
(2105, '2014-09-22', 34, 32, 4, 1, 0, 0, 0, 0),
(2106, '2014-09-29', 53, 17, 4, 1, 0, 0, 0, 0),
(2107, '2014-09-29', 6, 18, 4, 1, 0, 0, 0, 0),
(2108, '2014-09-29', 35, 19, 4, 1, 0, 0, 0, 0),
(2110, '2014-10-06', 30, 17, 4, 1, 0, 0, 0, 0),
(2111, '2014-10-06', 1, 18, 4, 1, 0, 0, 0, 0),
(2112, '2014-10-06', 5, 19, 4, 1, 0, 0, 0, 0),
(2113, '2014-10-06', 4, 32, 4, 1, 0, 0, 0, 0),
(2114, '2014-09-15', 7, 3, 2, 1, 0, 0, 0, 0),
(2115, '2014-09-15', 51, 4, 2, 1, 0, 0, 0, 0),
(2116, '2014-09-15', 89, 5, 2, 1, 0, 0, 0, 0),
(2117, '2014-09-22', 5, 3, 2, 1, 0, 0, 0, 0),
(2118, '2014-09-22', 6, 4, 2, 1, 0, 0, 0, 0),
(2119, '2014-09-22', 85, 5, 2, 1, 0, 0, 0, 0),
(2120, '2014-09-29', 114, 3, 2, 1, 0, 0, 0, 0),
(2121, '2014-09-29', 3, 4, 2, 1, 0, 0, 0, 0),
(2122, '2014-09-29', 51, 5, 2, 1, 0, 0, 0, 0),
(2123, '2014-10-06', 3, 3, 2, 1, 0, 0, 0, 0),
(2124, '2014-10-06', 52, 4, 2, 1, 0, 0, 0, 0),
(2125, '2014-10-06', 33, 5, 2, 1, 0, 0, 0, 0),
(2126, '2014-11-03', 35, 3, 2, 1, 0, 0, 0, 0),
(2127, '2014-11-03', 5, 4, 2, 1, 0, 0, 0, 0),
(2128, '2014-11-03', 3, 5, 2, 1, 0, 0, 0, 0),
(2129, '2014-09-08', 30, 7, 3, 1, 23, 0, 0, 0),
(2130, '2014-09-08', 85, 8, 3, 1, 17, 0, 0, 0),
(2131, '2014-09-08', 131, 9, 3, 1, 1, 0, 0, 0),
(2132, '2014-09-08', 75, 33, 3, 1, 0, 0, 0, 0),
(2133, '2014-09-08', 59, 10, 3, 1, 38, 0, 0, 0),
(2134, '2014-09-15', 6, 7, 3, 1, 23, 0, 0, 0),
(2135, '2014-09-15', 116, 8, 3, 1, 11, 0, 0, 0),
(2136, '2014-09-15', 98, 9, 3, 1, 13, 0, 0, 0),
(2137, '2014-09-15', 74, 33, 3, 1, 0, 0, 0, 0),
(2138, '2014-09-15', 66, 10, 3, 1, 11, 0, 0, 0),
(2139, '2014-09-15', 105, 34, 3, 1, 0, 0, 0, 0),
(2140, '2014-09-22', 114, 7, 3, 1, 34, 0, 0, 0),
(2141, '2014-09-22', 121, 8, 3, 1, 4, 0, 0, 0),
(2142, '2014-09-22', 103, 9, 3, 1, 17, 0, 0, 0),
(2143, '2014-09-22', 73, 33, 3, 1, 0, 0, 0, 0),
(2144, '2014-09-22', 104, 10, 3, 1, 8, 0, 0, 0),
(2145, '2014-09-29', 123, 33, 3, 1, 0, 0, 0, 0),
(2146, '2014-09-29', 59, 8, 3, 1, 10, 0, 0, 0),
(2147, '2014-09-29', 10, 9, 3, 1, 45, 0, 0, 0),
(2148, '2014-09-29', 65, 10, 3, 1, 49, 0, 0, 0),
(2149, '2014-09-29', 90, 34, 3, 1, 0, 0, 0, 0),
(2150, '2014-09-29', 117, 11, 3, 1, 12, 0, 0, 0),
(2151, '2014-09-29', 64, 12, 3, 1, 13, 0, 0, 0),
(2152, '2014-09-29', 62, 35, 3, 1, 0, 0, 0, 0),
(2153, '2014-09-29', 106, 13, 3, 1, 23, 0, 0, 0),
(2156, '2014-10-13', 3, 3, 2, 1, 0, 0, 0, 0),
(2157, '2014-10-13', 59, 4, 2, 1, 0, 0, 0, 0),
(2158, '2014-10-13', 32, 5, 2, 1, 0, 0, 0, 0),
(2159, '2014-10-20', 114, 3, 2, 1, 0, 0, 0, 0),
(2160, '2014-10-20', 4, 4, 2, 1, 0, 0, 0, 0),
(2161, '2014-10-20', 6, 5, 2, 1, 0, 0, 0, 0),
(2162, '2014-10-27', 5, 3, 2, 1, 0, 0, 0, 0),
(2163, '2014-10-27', 52, 4, 2, 1, 0, 0, 0, 0),
(2164, '2014-10-27', 35, 5, 2, 1, 0, 0, 0, 0),
(2165, '2014-10-13', 53, 17, 4, 1, 0, 0, 0, 0),
(2166, '2014-10-13', 35, 18, 4, 1, 0, 0, 0, 0),
(2167, '2014-10-13', 127, 19, 4, 1, 0, 0, 0, 0),
(2168, '2014-10-13', 52, 32, 4, 1, 0, 0, 0, 0),
(2169, '2014-10-20', 5, 17, 4, 1, 0, 0, 0, 0),
(2170, '2014-10-20', 3, 18, 4, 1, 0, 0, 0, 0),
(2171, '2014-10-20', 127, 32, 4, 1, 0, 0, 0, 0),
(2172, '2014-10-27', 6, 17, 4, 1, 0, 0, 0, 0),
(2173, '2014-10-27', 7, 18, 4, 1, 0, 0, 0, 0),
(2174, '2014-10-27', 114, 32, 4, 1, 0, 0, 0, 0),
(2175, '2014-11-03', 30, 17, 4, 1, 0, 0, 0, 0),
(2176, '2014-11-03', 4, 18, 4, 1, 0, 0, 0, 0),
(2177, '2014-11-03', 114, 19, 4, 1, 0, 0, 0, 0),
(2178, '2014-11-03', 59, 32, 4, 1, 0, 0, 0, 0),
(2180, '2014-11-24', 89, 26, 6, 1, 0, 0, 0, 0),
(2181, '2014-09-01', 84, 24, 6, 1, 0, 0, 0, 0),
(2182, '2014-09-01', 6, 25, 6, 1, 0, 0, 0, 0),
(2183, '2014-09-01', 106, 26, 6, 1, 0, 0, 0, 0),
(2184, '2014-09-01', 117, 27, 6, 1, 0, 0, 0, 0),
(2185, '2014-09-01', 5, 20, 6, 2, 0, 0, 0, 0),
(2186, '2014-09-01', 89, 21, 6, 2, 0, 0, 0, 0),
(2187, '2014-09-01', 85, 22, 6, 2, 0, 0, 0, 0),
(2188, '2014-09-01', 84, 23, 6, 2, 0, 0, 0, 0),
(2189, '2014-09-01', 52, 2, 1, 2, 0, 0, 0, 0),
(2190, '2014-09-01', 114, 4, 1, 2, 0, 0, 0, 0),
(2191, '2014-09-08', 114, 2, 1, 2, 0, 0, 0, 0),
(2192, '2014-09-15', 53, 2, 1, 2, 0, 0, 0, 0),
(2193, '2014-09-15', 35, 4, 1, 2, 0, 0, 0, 0),
(2194, '2014-09-22', 51, 2, 1, 2, 0, 0, 0, 0),
(2195, '2014-09-22', 7, 4, 1, 2, 0, 0, 0, 0),
(2196, '2014-09-29', 6, 2, 1, 2, 0, 0, 0, 0),
(2197, '2014-09-29', 51, 4, 1, 2, 0, 0, 0, 0),
(2198, '2014-10-06', 4, 2, 1, 2, 0, 0, 0, 0),
(2199, '2014-10-06', 1, 4, 1, 2, 0, 0, 0, 0),
(2200, '2014-10-13', 52, 2, 1, 2, 0, 0, 0, 0),
(2201, '2014-10-13', 4, 4, 1, 2, 0, 0, 0, 0),
(2202, '2014-10-20', 5, 2, 1, 2, 0, 0, 0, 0),
(2203, '2014-10-20', 114, 4, 1, 2, 0, 0, 0, 0),
(2204, '2014-10-27', 1, 2, 1, 2, 0, 0, 0, 0),
(2205, '2014-10-27', 30, 4, 1, 2, 0, 0, 0, 0),
(2206, '2014-11-03', 127, 2, 1, 2, 0, 0, 0, 0),
(2207, '2014-11-03', 7, 4, 1, 2, 0, 0, 0, 0),
(2208, '2014-11-10', 7, 2, 1, 2, 0, 0, 0, 0),
(2209, '2014-11-10', 5, 4, 1, 2, 0, 0, 0, 0),
(2210, '2014-11-17', 35, 2, 1, 2, 0, 0, 0, 0),
(2211, '2014-11-17', 51, 4, 1, 2, 0, 0, 0, 0),
(2212, '2014-11-24', 5, 2, 1, 2, 0, 0, 0, 0),
(2213, '2014-11-24', 4, 4, 1, 2, 0, 0, 0, 0),
(2214, '2014-12-01', 34, 2, 1, 2, 0, 0, 0, 0),
(2215, '2014-12-01', 1, 4, 1, 2, 0, 0, 0, 0),
(2216, '2014-12-08', 6, 2, 1, 2, 0, 0, 0, 0),
(2217, '2014-12-08', 114, 4, 1, 2, 0, 0, 0, 0),
(2218, '2014-12-15', 53, 2, 1, 2, 0, 0, 0, 0),
(2219, '2014-12-15', 35, 4, 1, 2, 0, 0, 0, 0),
(2220, '2014-12-22', 51, 2, 1, 2, 0, 0, 0, 0),
(2221, '2014-12-22', 7, 4, 1, 2, 0, 0, 0, 0),
(2222, '2014-12-29', 30, 2, 1, 2, 0, 0, 0, 0),
(2223, '2014-12-29', 51, 4, 1, 2, 0, 0, 0, 0),
(2224, '2015-01-05', 35, 2, 1, 2, 0, 0, 0, 0),
(2225, '2015-01-05', 4, 4, 1, 2, 0, 0, 0, 0),
(2226, '2015-01-12', 7, 2, 1, 2, 0, 0, 0, 0),
(2227, '2015-01-12', 30, 4, 1, 2, 0, 0, 0, 0),
(2228, '2015-01-19', 114, 2, 1, 2, 0, 0, 0, 0),
(2229, '2015-01-19', 5, 4, 1, 2, 0, 0, 0, 0),
(2230, '2014-09-29', 1, 32, 4, 1, 0, 0, 0, 0),
(2231, '2014-10-06', 51, 7, 3, 1, 23, 0, 0, 0),
(2232, '2014-10-06', 56, 8, 3, 1, 13, 0, 0, 0),
(2233, '2014-10-06', 100, 9, 3, 1, 28, 0, 0, 0),
(2234, '2014-10-06', 97, 33, 3, 1, 0, 0, 0, 0),
(2235, '2014-10-06', 30, 10, 3, 1, 23, 0, 0, 0),
(2236, '2014-10-13', 52, 7, 3, 1, 53, 0, 0, 0),
(2237, '2014-10-13', 115, 8, 3, 1, 6, 0, 0, 0),
(2238, '2014-10-13', 72, 9, 3, 1, 15, 0, 0, 0),
(2239, '2014-10-13', 95, 33, 3, 1, 0, 0, 0, 0),
(2240, '2014-10-13', 4, 10, 3, 1, 31, 0, 0, 0),
(2241, '2014-10-20', 1, 7, 3, 1, 23, 0, 0, 0),
(2242, '2014-10-20', 111, 8, 3, 1, 12, 0, 0, 0),
(2243, '2014-10-20', 122, 9, 3, 1, 13, 0, 0, 0),
(2244, '2014-10-20', 58, 33, 3, 1, 0, 0, 0, 0),
(2245, '2014-10-20', 54, 10, 3, 1, 15, 0, 0, 0),
(2246, '2014-10-20', 31, 11, 3, 1, 15, 0, 0, 0),
(2247, '2014-10-20', 112, 12, 3, 1, 8, 0, 0, 0),
(2248, '2014-10-20', 110, 35, 3, 1, 0, 0, 0, 0),
(2249, '2014-10-20', 63, 13, 3, 1, 23, 0, 0, 0),
(2250, '2014-10-20', 126, 36, 3, 1, 0, 0, 0, 0);

-- --------------------------------------------------------

--
-- Table structure for table `congregations`
--

CREATE TABLE IF NOT EXISTS `congregations` (
  `congr_id` int(10) NOT NULL AUTO_INCREMENT,
  `congregation` varchar(50) COLLATE latin1_general_ci NOT NULL,
  PRIMARY KEY (`congr_id`),
  KEY `congregation` (`congregation`)
) ENGINE=MyISAM  DEFAULT CHARSET=latin1 COLLATE=latin1_general_ci AUTO_INCREMENT=26 ;

--
-- Dumping data for table `congregations`
--

INSERT INTO `congregations` (`congr_id`, `congregation`) VALUES
(1, 'South Lee''s Summt'),
(2, 'North Lee''s Summit'),
(3, 'Harrisonville'),
(4, 'Pleasant Hill'),
(5, 'Hillcrest'),
(6, 'Raytown'),
(7, 'North Independence'),
(8, 'Lenexa'),
(9, 'Warrensburg'),
(10, 'Richmond'),
(11, 'Butler'),
(12, 'Clinton'),
(14, 'Warsaw'),
(15, 'Ottawa'),
(16, 'Westview'),
(17, 'Swope Park'),
(18, 'CO Visit'),
(19, 'Westport'),
(20, 'Peculiar'),
(21, 'Shawnee Meadows'),
(22, 'Fenton'),
(23, 'River Heights'),
(24, 'Country Club');

-- --------------------------------------------------------

--
-- Table structure for table `cts_detail`
--

CREATE TABLE IF NOT EXISTS `cts_detail` (
  `detail_id` int(10) unsigned NOT NULL AUTO_INCREMENT,
  `week_of` date NOT NULL,
  `song_1` varchar(3) CHARACTER SET latin1 COLLATE latin1_general_ci DEFAULT NULL,
  `song_2` varchar(3) CHARACTER SET latin1 COLLATE latin1_general_ci DEFAULT NULL,
  `song_3` varchar(3) CHARACTER SET latin1 COLLATE latin1_general_ci DEFAULT NULL,
  `cbs` varchar(60) CHARACTER SET latin1 COLLATE latin1_general_ci DEFAULT NULL,
  `cbs_url` varchar(100) DEFAULT NULL,
  `bible_read` varchar(50) CHARACTER SET latin1 COLLATE latin1_general_ci DEFAULT NULL,
  `no_1` varchar(100) CHARACTER SET latin1 COLLATE latin1_general_ci DEFAULT NULL,
  `no_2` varchar(120) CHARACTER SET latin1 COLLATE latin1_general_ci DEFAULT NULL,
  `no_2_source` varchar(100) DEFAULT NULL,
  `no_2_url` varchar(100) DEFAULT NULL,
  `no_3` varchar(120) CHARACTER SET latin1 COLLATE latin1_general_ci DEFAULT NULL,
  `no_3_source` varchar(100) CHARACTER SET latin1 COLLATE latin1_general_ci DEFAULT NULL,
  `no_3_url` varchar(100) DEFAULT NULL,
  `sm_1` varchar(100) CHARACTER SET latin1 COLLATE latin1_general_ci DEFAULT NULL,
  `sm_2` varchar(100) CHARACTER SET latin1 COLLATE latin1_general_ci DEFAULT NULL,
  `sm_3` varchar(100) CHARACTER SET latin1 COLLATE latin1_general_ci DEFAULT NULL,
  PRIMARY KEY (`detail_id`)
) ENGINE=MyISAM  DEFAULT CHARSET=latin1 AUTO_INCREMENT=102 ;

--
-- Dumping data for table `cts_detail`
--

INSERT INTO `cts_detail` (`detail_id`, `week_of`, `song_1`, `song_2`, `song_3`, `cbs`, `cbs_url`, `bible_read`, `no_1`, `no_2`, `no_2_source`, `no_2_url`, `no_3`, `no_3_source`, `no_3_url`, `sm_1`, `sm_2`, `sm_3`) VALUES
(1, '2013-03-04', '62', '7', '119', 'jr chap. 6 par. 7-12', '', 'Mark 9-12', 'Mark 11:19-12:11', 'Is Further Punishment for Sin Exacted After One''s Death?', NULL, NULL, 'Why Making a Personal Dedication to God Leads to Happiness', NULL, NULL, 'Ideas for Offering the Magazines in March', 'Benefit from Examining the Scriptures Daily - 2013', 'Local needs'),
(2, '2013-03-11', '68', '109', '8', 'jr chap. 6 par. 13-18', '', 'Mark 13-16', 'Mark 14:22-42', 'What Is the Significance of the Memorial?', NULL, NULL, 'What Do the Memorial Emblems Represent?', NULL, NULL, 'What Do We Learn?', 'Ways to Expand Your Ministry', '"Prepare for the Memorial With a Joyful Heart."'),
(3, '2013-03-18', '120', '118', '20', 'jr chap. 6 par. 19-24', '', 'Luke 1-3', 'Luke 1:24-45', 'Who Should Partake of the Emblems at the Lord''s Evening Meal?', NULL, NULL, 'How Often Should the Memorial Be Commemorated, and When?', NULL, NULL, '"Welcome Them!"', '"How to Use Who Are Doing Jehovah''s Will Today?"', 'n/a'),
(4, '2013-03-25', '76', '111', '97', 'jr chap. 7 par. 1-6', '', 'Luke 4-6', 'Luke 4:22-39', 'From Where Did the Various Races Come?', NULL, NULL, 'What Proof Is There That Jesus Was Resurrected?', NULL, NULL, 'Start a Bible Study on the First Saturday', '"How to Use Good News From God!"', 'n/a'),
(5, '2013-04-01', '38', '113', '75', 'jr chap. 7 par. 7-13', '', 'Luke 7-9', 'Luke 7:18-35', 'What New Nation Was Born at Pentecost, and With What Purpose?  (Gal. 6:16; 1 Pet. 2:9)', NULL, NULL, 'Where Did Cain Find His Wife?  (w10 9/1 p. 25 updates rs p. 301 par 5-p. 302 par 1)', NULL, NULL, 'Ideas for Offering the Magazines in April', 'Local needs', 'Make Good User of the 2013 Yearbook'),
(6, '2013-04-08', '123', '60', '13', 'jr chap. 7 par. 14-20', '', 'Luke 10-12', 'Luke 12:1-21', 'What Explains the Various Racial Characteristics?  (rs p. 302 par 2-p. 303 par 2)', NULL, NULL, 'Why We View Jehovah as Our Father  (Matt. 6:9)', NULL, NULL, 'You Can Be a Source of Encouragement', 'Answering Questions About the Last Days', '"Take as a Pattern the Prophets - Jonah"'),
(7, '2013-04-15', '6', '95', '45', 'jr chap. 8 par. 1-7', '', 'Luke 13-17', 'Luke 16:16-31', 'Does Our Imperfect State Mean That We Are Worthless to God?  (Ps. 103:8, 9, 14; Gal. 6:9)', NULL, NULL, 'Are All Humans Children of God?  (rs p. 303 par 3-p. 304 par 4)', NULL, NULL, 'Question Box', 'Ways to Expand Your Ministry - Part 2', 'Do You Witness at Your Workplace?'),
(8, '2013-04-22', '85', '120', '121', 'jr chap. 8 par. 8-13', '', 'Luke 18-21', 'Luke 18:18-34', 'Will People of All Races Ever Truly Be United as Brothers and Sisters?  (rs p. 304 par 5-p. 305 par 3)', NULL, NULL, 'What Is Meekness, How Do We Seek It, and Why Is It Vital?  (Zeph. 2:2, 3)', NULL, NULL, '"Listen and Learn."', '"A Campaign That Gets Results."', '"Conduct That Glorifies God."'),
(9, '2013-04-29', '50', '56', '117', 'jr chap. 8 par. 14-20', '', 'Luke 22-24', 'School Review', 'School Review', NULL, NULL, 'School Review', NULL, NULL, 'Start a Bible Study on the First Saturday.', 'The Message We Must Proclaim - "This Good News of the Kingdom."', 'What Do We Learn?'),
(10, '2013-05-06', '26', '57', '47', 'jr chap 9 par. 1-7', '', 'John 1-4', 'John 3:22-36', 'What Does "Walking by Spirit" Really Mean?  (Gal. 5:16)', NULL, NULL, 'How Was the Death of Jesus Christ Different From That of Others Who Have Become Martyrs? (rs p. 306 par 1-4)', NULL, NULL, 'Ideas for Offering the Magazines in May.', 'Local needs.', 'Unless Jehovah Himself Builds the House, It Is to No Avail That its Builders Have Worked Hard on It.'),
(16, '2013-05-13', '4', '126', '91', 'jr chap 9 par. 8-13', '', 'John 5-7', 'John 6:22-40', 'Why Was It Necessary for the Ransom to Be Provided in the Manner That It Was? (rs p. 306 par 6 - p. 307 par 2)', NULL, NULL, 'How Can We Apply the Principle Behind What Is Written in Numbers 15:37-40?', NULL, NULL, 'The Literature Offer for May and June.', 'What Do We Learn?', '"What Motivates Us to Preach?"'),
(17, '2013-05-20', '70', '96', '92', 'jr chap 9 par. 14-19', '', 'John 8-11', 'John 8:12-30', 'What Steps Can We Take to Protect Ourselves From False Teachers? (Rom. 16:17; 2 John 9-11)', NULL, NULL, 'Why Did God Not Simply Decree That All Who Would Obey Could Live Forever? (rs p. 307 par 3 - p. 308 par 1)', NULL, NULL, 'Ways to Expand Your Ministry?Part 3.', 'Jehovah Helps Us Fulfill Our Assignments.', '"Who Would Be Interested in This?"'),
(18, '2013-05-27', '', '', '', 'District Convention May 31 - J', '', 'District Convention May 31 - J', 'District Convention May 31 - June 2', 'District Convention May 31 - June 2', NULL, NULL, 'District Convention May 31 - June 2', NULL, NULL, 'District Convention May 31 - June 2', 'District Convention May 31 - June 2', 'District Convention May 31 - June 2'),
(19, '2013-06-03', '68', '16', '107', 'jr chap 10 par. 8-13', '', 'John 17-21', 'John 21:15-25', 'Why Should We Not "Follow After the Crowd"? (Ex. 23:2; Prov. 1:10)', NULL, NULL, 'Who Besides Anointed Christians Are Experiencing Benefits From Jesus'' Sacrifice? (rs p. 309 par. 1-3)', NULL, NULL, 'Ideas for Offering the Magazines in June.', 'Why We Report Our Field Service.', 'Local Needs'),
(20, '2013-06-10', '', '', '', 'jr chap. 10 par. 14-19', '', 'Acts 1-4', 'Acts 1:15?2:4', 'What Future Blessings Will Be Enjoyed as a Result of the Ransom? (rs p. 310 par. 1-4)', NULL, NULL, 'Why Can the Thinking of Many People Be Likened to Poisonous Air? (Eph. 2:1, 2)', NULL, NULL, 'The Importance of Good Visual Contact.', 'What Did We Accomplish?', '"Are You Willing to Adapt?"'),
(21, '2013-06-17', '', '', '', 'jr chap. 10 par. 20-27', '', 'Acts 5-7', 'Acts 5:17-32', 'What Must a Person Do to Be Known by Jehovah? (2 Tim. 2:19)', NULL, NULL, 'What Is Required of Us in Order to Benefit From Jesus? Sacrifice? (rs p. 310 par. 5?p. 311 par. 1)', NULL, NULL, 'How to Demonstrate Respect in the Ministry.', 'Help Your Student to Become a Publisher.', '"Increased Opportunities to Laud Jehovah."'),
(22, '2013-06-24', '', '', '', 'jr chap. 11 par. 1-8', '', 'Acts 8-10', 'Theocratic Ministry School Review', 'Theocratic Ministry School Review', NULL, NULL, 'Theocratic Ministry School Review', NULL, NULL, '"Feature One Topic, but Leave Both Magazines."', 'Our Work Is Not in Vain. (Heb. 6:10)', 'The Literature Offer for July and August.'),
(23, '2013-07-01', '', '', '', 'jr chap. 11 par. 9-14', '', 'Acts 11-14', 'Acts 11:1-18', 'What Effect Should the Ransom Have on How We Use Our Lives?', 'rs p. 311 par. 4-6', NULL, 'Who Really Are Your Friends?', 'Ps. 119:63', NULL, 'Ideas for Offering the Magazines in July.', 'Local Needs.', 'What Do We Learn?'),
(24, '2013-07-08', '', '', '', '', '', 'Acts 15-17', 'Acts 16:16-34', 'Why Can a Christian Be Happy When Persecuted?', 'Matt. 5:11, 12', NULL, 'When the Apostle Paul Said That Christians Would Be "Caught Up" to Be With the Lord, What Subject Was Being Discussed?', 'rs p. 312 par. 1-2', NULL, 'Methods of Preaching the Good News-Directing Interested Ones to  Jehovah''s Organization.', 'Test Jehovah Out, and Receive a Blessing Until There Is No More  Want.', '"Take as a Pattern the Prophets-Joel."'),
(25, '2013-07-15', '', '', '', 'jr chap. 12 par. 1-7', '', 'Acts 18-21', 'Acts 20:17-38', 'Will Christ Appear Visibly on a Cloud and Then Take Away Faithful Christians Into the Heavens While the World Looks On?', '', NULL, 'How Can We Show That We Are Minding the Spirit?', 'Rom. 8:6', NULL, 'Reach Your Student''s Heart (Luke 24:32).', '"Young Brothers, Are You Reaching Out?"', ''),
(26, '2013-07-22', '', '', '', 'jr chap. 12 par. 8-13', '', 'Acts 22-25', 'Acts 22:17-30', 'In What Ways Are We in the World but No Part of the World?', 'John 17:15, 16', NULL, 'Is It Possible for Christians to Be Taken to Heaven With Their Physical Bodies?', 'rs p. 314 par.1-2', NULL, 'Are You Prepared for the New School Year?', '"New Initiatives for Public Witnessing."', ''),
(27, '2013-07-29', '', '', '', 'jr chap. 12 par. 14-19, box on p. 148', '', 'Acts 26-28', 'Acts 26:19-32', 'Will Faithful Christians Be Taken to Heaven Secretly Without Dying?', 'rs p. 314 3p. 315 2', NULL, 'Ways That God''s Spirit Is Manifest in His Servants', 'Gal. 5:22, 23; Rev. 22:17', NULL, 'Preach in a Natural Manner.', 'Question Box.', 'Prove Yourselves Sons of Your Father. (Matt. 5:43-45)'),
(28, '2013-08-05', '', '', '', 'jr chap. 12 par. 20-25, box on p. 151', '', 'Romans 1-4', 'Romans 3:21-4:8', 'Why True Christians Consider Themselves to Be "Aliens and Temporary Residents" in the World?', '1 Pet. 2:11; 1 John 2:15-17', NULL, 'What Protection Will There Be for True Christians During the Great Tribulation?', 'rs p. 315 3p. 316 3', NULL, 'Ideas for Offering the Magazines in August.', 'Local Needs.', 'What Do We Learn?'),
(29, '2013-08-12', '', '', '', 'jr chap. 13 1-7', '', 'Romans 5-8', 'Romans 6:217:12', 'Why Are Some Christians Taken to Heaven to Be With Christ?', 'rs p. 316 5-8', NULL, 'Why Putting Material Security Ahead of Spiritual Pursuits Leads to Disaster', 'Matt. 6:33; 1 Tim. 6:10', NULL, '"God''s Word is Beneficial."', 'How an Outline Can Help Us in the Ministry.', 'What Do We Learn?'),
(30, '2013-08-19', '', '', '', '', '', 'Romans 9-12', 'Romans 9:19-33', '*If Someone Says, "Do You Believe in the Rapture?" *As time permits, reply to HH assertions, objections, etc', 'rs p. 316 9p. 317 2', NULL, 'Scriptural Reasons Why We Should Not Fear Men', 'Luke 12:4-12', NULL, '"God?s Word Exerts Power."', 'How to Reply to Local Conversation Stoppers.', 'Preach With Boldness. (Acts 4:29)'),
(31, '2013-08-26', '', '', '', 'jr chap. 13 14-19', '', 'Romans 13-16', 'Theocratic Ministry School Review', 'Theocratic Ministry School Review', '', NULL, 'Theocratic Ministry School Review', '', NULL, '"Emphasize Starting Bible Studies on the First Saturday."', 'Methods of Preaching the Good News-Group Territory and Personal Territory.', 'Why We Are Not False Prophets.'),
(32, '2013-09-02', '', '', '', 'jr chap. 13 20-26', '', '1 Corinthians 1-9', '1 Corinthians 4:185:13', 'Does a Strange Feeling of Being Familiar With Entirely New Acquaintances and Places Prove Reincarnation to Be a Fact?', 'rs p. 317 3p. 319 1', NULL, 'How Christians Maintain Joy in Spite of Illness', 'Phil. 4:6, 7', NULL, 'Ideas for Offering the Magazines in September.', 'Local Needs.', 'Imitate the Example of Barnabas.'),
(33, '2013-09-09', '.', '', '', 'jr chap. 14 1-7', '', '1 Corinthians 10-16', '1 Corinthians 14:7-25', 'How Can a Sinful Human ''Soften the Face of Jehovah''?', '2 Chron.33:12,13; Isa.55:6,7', NULL, 'Why Does the Account at John 9:1, 2 Not Prove Reincarnation?', 'rs p. 319 2p. 320 2', NULL, 'Youths-What Will You Do With Your Life?-Part 1', 'Experiences Using the Good News Brochure.', 'Take as a Pattern the Prophets-Amos.'),
(34, '2013-09-23', '', '', '', 'jr chap. 14 14-19', '', '2 Corinthians 8-13', '2 Corinthians 10:1-18', 'If Someone Says, "I Believe in Reincarnation." *As time permits, reply to HH assertions, objections, etc.', 'rs p. 321 1-3', NULL, 'How Are We to Understand 1 Corinthians 10:13?', '1 Corinthians 10:13', NULL, '"Ill Take Your Literature if You Take Mine."', 'How Did We Do Last Year?', 'What Do We Learn?'),
(35, '2013-09-16', '', '', '', 'jr chap. 14 813', '', '2 Corinthians 1-7', '2 Corinthians 1:152:11', 'How Much of a Difference Is There Between Reincarnation and the Hope Held Out in the Bible?', 'rs p. 320 3-4', NULL, 'What Must One Do to Take Refuge in the Name of Jehovah?', 'Zeph. 3:12', NULL, 'Youths  What Will You Do With Your Life?  Part 2', 'When You Are Working Alone.', 'Who Are Doing Jehovahs Will Today?'),
(36, '2013-09-30', '', '', '', 'jr chap. 14 20-25', '', 'Galatians 1-6', 'Galatians 1:182:10', 'Why Are There So Many Religions?', 'rs p. 322 1p. 323 2', NULL, 'Why Jehovah Is Worthy to Receive Worship', 'Rev. 4:11', NULL, '"Could You Extend an Invitation?"', 'Methods of Preaching the Good News - Witnessing to People of All Languages.', 'Never Be Anxious. (Matt 6:31-33)'),
(37, '2013-10-07', '', '', '', 'jr chap. 15 1-6, box on p. 184', '', 'Ephesians 1-6', 'Ephesians 4:1-16', 'What It Means to Seek First God''s Righteousness', 'Matt. 6:33', NULL, 'Is It True That There Is Good in All Religions?', 'rs p. 323 3-5', NULL, 'Ideas for Offering the Magazines in October.', 'Local Needs.', 'Those Who are Working Hard. (1 Thess. 5:12, 13)'),
(38, '2013-10-14', '', '', '', '', '', 'Phil 1-4  Col 1-4', 'Philippians 3:17-4:9', 'Is It Proper to Leave the Religion of One''s Parents?', 'rs p. 324 1-3', NULL, 'How Can Prayer Help Us to Fight Temptations?', 'Luke 11:9-13; Jas. 1:5', NULL, 'Our International Unity Honors Jehovah.', 'Kingdom News No. 38 to be Distributed in November!', ''),
(39, '2013-10-21', '', '', '', '', '', '1 Th 1-5  2 Th 1-3', '1 Thessalonians 2:9-20', 'What Can We Learn From the Good and the Bad Things That Solomon Did?', 'Rom. 15:4', NULL, 'What Is the Bible''s Viewpoint as to Interfaith?', 'rs p. 325 1p. 326 1', NULL, 'What Do We Learn?', 'Use Our Web Site to Teach Your Children.', ''),
(40, '2013-10-28', '', '', '', '', '', '1 Timothy 1-62 Timothy 1-4', 'Theocratic Ministry School Review', 'Theocratic Ministry School Review', '', NULL, 'Theocratic Ministry School Review', '', NULL, 'What Will You Do During the Holidays?', 'Highlight the Practical Value of the Good News.', 'The Importance of Being on Time.'),
(41, '2013-11-04', '', '', '', '', '', 'Titus 1-3Philemon 1-25', 'Titus 2:1-15', 'Is Belonging to an Organized Religion Necessary?', 'rs p. 326 2p. 327 2', NULL, 'Why We Should Not "Pay Attention to False Stories"', '1 Tim. 1:3, 4; 2 Tim. 4:3, 4', NULL, 'Ideas for Offering the Magazines in November.', 'Local Needs', 'The Word of God Exerts Power. (Heb. 4:12)'),
(42, '2013-11-11', '', '', '', '', '', 'Hebrews 1-8', 'Hebrews 4:1-16', 'How Can We Show That We Have "the Wisdom From Above"?', 'Jas. 3:17, 18', NULL, 'Is Loving One''s Fellowman What Really Counts?', 'rs p. 327 4', NULL, 'How We Can Help to Meet the Needs of Others.', 'How to Overcome Nervousness When Preaching.', 'Take as a Pattern the Prophets-Hosea'),
(43, '2013-11-18', '', '', '', '', '', 'Hebrews 9-13', 'Hebrews 10:19-39', 'Is Having a Personal Relationship With God the Really Important Thing?', 'rs p. 327 5p. 328 1', NULL, 'Ways in Which We Can Comfort Others', 'Rom. 15:4; 2 Cor. 1:3, 4', NULL, 'Question Box.', 'I Am Here Because', 'Jehovah Listens to the Prayers of His Servants. (1 John 3:22)'),
(44, '2013-11-25', '', '', '', 'jl Lessons 11 - 13', '', 'James 1-5', 'James 1:222:13', 'How Love Overcomes Fear', '1 John 4:16-18', NULL, 'Why Just Reading the Bible Is Not Sufficient', 'rs p. 328 2-3', NULL, 'Ideas for Offering the Magazines in December.', 'How Should You Answer?', 'A Helpful Series for Our Ministry.'),
(45, '2013-12-02', '', '', '', 'jl Lessons 14 - 16', '', '1 Peter 1-52 Peter 1-3', '1 Peter 2:183:7', 'The Right Religion Is Bible-Based and Makes Known God''s Name', 'rs p. 328 4-5', NULL, 'Why We Are Sure That Jesus Is the Messiah', 'Luke 24:44; Gal. 4:4', NULL, 'Start a Bible Study on the first Saturday.', 'Have You Tried It?', 'Local Needs: Being Present at Congregation Meetings.'),
(46, '2013-12-09', '', '', '', 'No Cong Bible Study - Assembly', '', 'No School - Assembly', 'No School - Assembly', 'No School - Assembly', 'No School - Assembly', NULL, 'No School - Assembly', 'No School - Assembly', NULL, 'No Service Meeting - Assembly', 'No Service Meeting - Assembly', 'No Service Meeting - Assembly'),
(47, '2013-12-16', '', '', '', 'jl Lessons 20 - 22', '', 'Revelation 1-6', 'Revelation 3:144:8', 'The True Religion Is Not Formalistic But Is a Way of Life', 'rs p. 329 2', NULL, 'In What Ways Did Jesus "Set the Pattern" for His Disciples?', 'John 13:15', NULL, 'What Did We Accomplish?', 'Let Youths Praise Jehovah. (Ps. 148:12, 13)', '"Study of Draw Close to Jehovah Begins the Week of January 6."'),
(48, '2013-12-23', '', '', '', 'jl Lessons 23 - 25', '', 'Revelation 7-14', 'Revelation 9:1-21', 'Ways in Which True Christians Can Show Genuine Hospitality', 'Heb. 13:2', NULL, 'Members of the Right Religion Love One Another and Keep Separate From the World', 'rs p. 329 3-4', NULL, 'The Offer for January and February.', 'Helping Those Who Are Not Yet Ready for the Bible Teach Book.', ''),
(49, '2013-12-30', '', '', '', 'jl Lessons 26 - 28', '', 'Revelation 15-22', 'Theocratic Ministry School Review', 'Theocratic Ministry School Review', '', NULL, 'Theocratic Ministry School Review', '', NULL, 'Help Them Be Stabilized in the Faith.', 'Help Your Child to Become a Publisher.', 'We Are Never Alone. (2 Ki. 6:16)'),
(50, '2014-01-06', '', '', '', 'cl p. 3 and chap. 1, 1-9', '', 'Genesis 1-5', 'Genesis 4:1-16', 'Members of the Right Religion Are Active Witnesses Concerning God''s Kingdom', 'rs p. 330 1', NULL, 'Aaron - Ways in Which Aaron Was a Good Example for Christians', 'it-1 pp. 9-10 3', NULL, 'Ideas for Offering the Magazines in January.', 'Local Needs.', 'What Do We Learn?'),
(51, '2014-01-13', '', '', '', 'cl chap. 1 10-17 (30 min.)', '', 'Genesis 6-10', 'Genesis 9:1810:7', 'If Someone Says, ''As Long as You Believe in Jesus, It Really Does Not Matter What Church You Belong To''', 'rs p. 332 2', NULL, 'Aaron - Continue Faithful in Spite of Human Weaknesses', 'it-1 p. 10 4p. 11 3', NULL, '10 min: The Value of Repetition in the Ministry.', '10 min: Men Who Minister in a Fine Manner. (1 Tim 3:13)', '10 min: Take as a Pattern the Prophets  Micah.'),
(52, '2014-01-20', '', '', '', 'cl chap. 1 18-23, box on p. 14 (30 min.)', '', 'Genesis 11-16', 'Genesis 14:1715:11', 'If Someone Says, ''What Makes You Think There Is Only One Religion That Is Right?''', 'rs p. 332 3', NULL, 'Abaddon - The Angel of the Abyss - Who Is He?', 'it-1 p. 12', NULL, '10 min: What Do We Learn?', '10 min: Show Respect for Those Who Are Working Hard Among You.', '10 min: Be More Than a Silent Partner.'),
(53, '2014-01-27', '', '', '', 'cl chap. 2 1-11 (30 min.)', '', 'Genesis 17-20', 'Genesis 17:1818:8', 'Jesus Did Not Go to Heaven in a Physical Body', 'rs p. 334 1-3', NULL, 'Abba - How Is the Term "Abba" Used in the Scriptures, and How Have Men Misused It?', 'it-1 pp. 13-14', NULL, '5 min: Start a Bible Study on the First Saturday.', '15 min: What Are Your Spiritual Goals?', '10 min: Magazine Routes - Useful for Starting Bible Studies.'),
(54, '2014-02-03', '', '', '', 'cl chap. 2 12-20 (30 min.)', '', 'Genesis 21-24', 'Genesis 23:1-20', 'Why Did Jesus Appear in Materialized Bodies?', 'rs p. 334 4p. 335 2', NULL, 'Abel - Exercise Faith That Pleases God', 'it-1 p. 15, Abel No. 1', NULL, '10 min: Offer the Magazines During February.', '10 min: Local Needs.', '10 min: By Their Fruits You Will Recognize Them. (Matt. 7:16)'),
(55, '2014-02-10', '', '', '', 'cl chap. 2 21-24, box on p. 24 (30 m', '', 'Genesis 25-28', 'Genesis 25:19-34', 'Those Resurrected to Rule With Christ Will Be Like Him', 'rs p. 335 4 - p. 336 2', NULL, 'Abhorrent Thing - Jehovah''s View of Idolatry and Disobedience', 'it-1 p. 17', NULL, '15min: What Do We Learn?', '15min: "Improving Our Skills in the Ministry - Making a Record of the Interes', ''),
(56, '2014-02-17', '', '', '', 'cl chap. 3 1-10 (30 min.)', '', 'Genesis 29-31', 'Genesis 29:21-35', 'What the Resurrection Will Mean for Mankind in General', 'rs p. 336 3 - p. 337 3', NULL, 'Abiathar - An Act of Disloyalty Can Nullify Years of Faithful Service', 'it - pp. 18-19', NULL, '10 min: Preach With Warmth.', '5 min: Are You Using jw.org in Your Ministry?', '15 min: "Make This Memorial Service a Joyful One!"'),
(57, '2014-02-24', '', '', '', 'cl chap. 3 11-18 (30 min.)', '', 'Genesis 32-35', 'Theocratic Ministry School Review (20 min.)', 'Theocratic Ministry School Review (20 min.)', '', NULL, 'Theocratic Ministry School Review (20 min.)', '', NULL, '5 min: Start a Bible Study on the First Saturday.', '15 min: The Importance of Persistence.', '10 min: "Memorial Invitation Campaign Starts March 22."'),
(58, '2014-03-03', '', '', '', 'cl chap. 3 19-21, box on p. 34 (30 min.)', '', 'Genesis 36-39', 'Genesis 37:1-17', 'Why Resurrected Ones Will Not Be Condemned for Their Past Deeds', 'rs - p. 338 1', NULL, 'Abigail - Display Qualities That Honor Jehovah', 'it-1 pp. 20-21, Abigail No. 1', NULL, '10 min: Offer the Magazines During March.', '10 min: Local Needs.', '10 min: How Did We Do?'),
(59, '2014-03-10', '', '', '', 'Special Assembly Day', '', 'Special Assembly Day', 'Special Assembly Day', 'Special Assembly Day', '', NULL, 'Special Assembly Day', '', NULL, 'Special Assembly Day', 'Special Assembly Day', 'Special Assembly Day'),
(60, '2014-03-17', '', '', '', 'cl chap. 4 10-18 (30 min.)', '', 'Genesis 43-46 (10 min.)', 'Genesis 44:18-34', 'Who Will Be Included in the Earthly Resurrection?', 'rs p. 339 3 - p. 340 3', NULL, 'Abijah - Do Not Stop Leaning Upon Jehovah', 'it-1 p. 23, Abijah No. 5', NULL, '15 min: Demonstrate Tactfulness When Preaching.', '15 min: "Will You Seize the Opportunity?"', ''),
(61, '2014-03-24', '', '', '', 'cl chap. 4 19-23, box on p. 45 (30 min.)', '', 'Genesis 47-50', 'Genesis 48:1749:7', 'The Events Associated With Christs Presence Take Place Over a Period of Years', 'rs p. 341 1-2', NULL, 'Abimelech - Presumptuousness Ends in Personal Disaster', 'it-1 p. 24, Abimelech No. 4', NULL, '10 min: Imitate the Example of Nehemiah.', '10 min: Use Questions to Teach Effectively - Part 1.', '10 min: Jehovahs Ears Listen to the Supplication of the Righteous. (1 Pet. 3:12)'),
(62, '2014-03-31', '', '', '', 'cl chap. 5 1-8 (30 min.)', '', 'Exodus 1-6', 'Exodus 2:1-14', 'Christ''s Return Is Invisible', 'rs p. 341 3 - p. 342 2', NULL, 'Abiram - Opposing God-Appointed Authority Is Tantamount to Opposing Jehovah', 'it-1 p. 25, Abiram No. 1', NULL, '10 min: "Make Good Use of Older Magazines."', '10 min: Local needs.', '10 min: What Do We Learn?'),
(63, '2014-04-07', '', '', '', 'cl chap. 5 9-17 (30 min.)', '', 'Exodus 7-10', 'Exodus 9:20-35', 'In What Manner Will Jesus Return, and How Will Every Eye See Him?', 'rs p. 342 4 - p. 343 5', NULL, 'Abishai - Be Loyal and Ready to Help Your Brothers', 'it-1 p. 26', NULL, '10 min: Offer the Magazines During April.', '10 min: Do Not Forget Hospitality. (Heb. 13: 1, 2)', '10 min: How Did We Do?'),
(64, '2014-04-14', '', '', '', 'cl chap. 5 18-21, box on p. 55', '', 'Exodus 11-14', 'Exodus 12:37-51', 'What Are Some Events Associated With the Presence of Christ?', 'rs p. 344 1-5', NULL, 'Abner - Those Who Live by the Sword Die by the Sword', 'it-1 pp. 27-28', NULL, '15 min: Make Good Use of the 2014 Yearbook.', '15 min: Improving Our Skills in the Ministry - Being a Helpful Companion.', ''),
(65, '2014-04-21', '', '', '', 'cl chap. 6 1-8', '', 'Exodus 15-18', 'Exodus 15:2016:5', 'Why Christians Are Not Required to Keep the Sabbath', 'rs pp. 345-346 3', NULL, 'Abortion - Life Is a Precious Gift From God', 'it-1 p. 28', NULL, '10 min: Congregate the People.', '10 min: A Special Invitation.', '10 min: Maintain Your Conduct Fine Among the Nations.'),
(66, '2014-04-28', '', '', '', 'cl chap. 6 9-15', '', 'Exodus 19-22', 'Theocratic Ministry School Review', 'Theocratic Ministry School Review', '', NULL, 'Theocratic Ministry School Review', '', NULL, '5 min: Start a Bible Study on the First Saturday.', '15 min: Exciting Design for New Tracts!', '10 min: New Video for Starting Bible Studies.'),
(67, '2014-05-05', '', '', '', 'cl chap. 6 16-21, box on p. 65', '', 'Exodus 23-26', 'Exodus 25:1-22', 'There Is No Bible Record of Adam''s Keeping a Sabbath', 'rs p. 346 4-p. 347 2', NULL, 'Abraham - Abraham''s Early History Is an Example of Faith', 'it-1 pp. 28-29 3', NULL, '10 min: Offer the Magazines During May.', '10 min: Local needs.', '10 min: How Did We Do?'),
(68, '2014-05-12', '', '', '', 'cl chap. 7 1-8', '', 'Exodus 27-29', 'Exodus 29:19-30', 'Jesus Did Not Divide the Mosaic Law Into "Ceremonial" and "Moral" Parts', 'rs p. 347 3p. 348 1', NULL, 'Abraham - Obedience, Unselfishness, and Courage Are Qualities That Please Jehovah', 'it-1 p. 29 4-7', NULL, '15 min: To It All the Nations Will Stream. (Isa. 2:2)', '15 min: "Improving Our Skills in the Ministry - Preparing Our Opening Words."', ''),
(69, '2014-05-19', '', '', '', 'cl chap. 7 9-17', '', 'Exodus 30-33', 'Exodus 32:1-14', 'The Ten Commandments Came to an End With the Mosaic Law', 'rs p. 348 2-3', NULL, 'Abraham - Have Faith in Jehovah''s Promises', 'it-1 p. 30 1p. 31 5', NULL, '10 min: Why We Are Ministers of the Good News.', '10 min: Can You Auxiliary Pioneer During Your Vacation?', '10 min: "Cultivate the Habit of Being Punctual."'),
(70, '2014-05-26', '', '', '', 'cl chap. 7 18-22, box on p. 75', '', 'Exodus 34-37', 'Exodus 34:1-16', 'Why Moral Restraint Was Not Removed When the Ten Commandments Came to an End', 'rs p. 349 1-2', NULL, 'Abraham - Abundant Blessings Should Not Make a Man of God Proud', 'it-1 p. 31 6 - p. 32 1', NULL, '10 min: Start a Bible Study on the First Saturday.', '10 min: Enduring Persecution Leads to a Fine Witness. (Luke 21:12, 13)', '10 min: Question Box.'),
(71, '2014-06-02', '', '', '', 'cl chap. 8 1-8', '', 'Exodus 38-40', 'Exodus 40:20-38', 'What the Sabbath Means to Christians', 'rs p. 349; updated: w11 7/15 p. 28 16-17', NULL, 'Abraham - The Historicity of Abraham in the Christian Greek Scriptures', 'it-1p.32 2-3', NULL, '10 min: Offer the Magazines During June.', '10 min: Local needs.', '10 min: How Did We Do?'),
(72, '2014-06-09', '', '', '', 'DistrictConvention', '', '', 'DistrictConvention', 'DistrictConvention', '', NULL, 'DistrictConvention', '', NULL, 'DistrictConvention', 'DistrictConvention', 'DistrictConvention'),
(73, '2014-06-16', '', '', '', 'cl chap. 8 17-24, box on p. 86 (30 min.)', '', 'Leviticus 6-9', 'Leviticus 8:18-30', 'Why We Do Not Pray to "Saints"', 'rs p. 353 2-4', NULL, 'Absalom - Put Away All Selfish Ambition and Hypocrisy', '1 p. 33 2p. 35', NULL, '30 min: "Remember Those in Nursing Homes."', '', ''),
(74, '2014-06-23', '', '', '', 'cl chap. 9 1-7', '', 'Leviticus 10-13', 'Leviticus 12:113:8', 'The Truth About Venerating Relics and Images of "Saints"', 'rs p. 354 1p. 355 1', NULL, 'Abusive Speech - Abusive Speech Is Displeasing to Jehovah', 'it-1 p. 35', NULL, '10 min: The Literature Offer for July.', '20 min: "How to Help Those Who Have Difficulty Reading."', ''),
(75, '2014-06-30', '', '', '', 'cl chap. 9 8-20', '', 'Leviticus 14-16', 'Theocratic Ministry School Review', 'Theocratic Ministry School Review', '', NULL, 'Theocratic Ministry School Review', '', NULL, '10 min: "Prompt Follow-Through Needed."', '20 min: Personal Study Makes Strong Ministers.', ''),
(76, '2014-07-07', '', '', '', 'cl chap. 9 21-24, box on p. 96', '', 'Leviticus 17-20', 'Leviticus 19:19-32', 'Why Spirit-Anointed Christians, or "Saints," Are Not Free From Sin', 'rs p. 355 2', NULL, 'Abyss - What the Bible Says About the Abyss', 'it-1 pp. 35-36', NULL, '10 min: Offer the Magazines During July.', '10 min: Local needs.', '10 min: What Did We Accomplish?'),
(77, '2014-08-11', '', '', '', 'cl chap. 11 9-16', '', 'Numbers 7-9', 'Numbers 9:9-23', 'Once Saved Does Not Mean Always Saved', 'rs p. 358 4 - p. 359 1', NULL, 'Achan - Robbing God Brings Dire Consequences', 'it-1 p. 41', NULL, '5 min: "1914-2014: One Hundred Years of Kingdom Rule!"', '10 min: "Use the New Web Site Tract."', '15 min: "Improving Our Skills in the Ministry - Confidently Speaking Up About the Kingdom."'),
(78, '2014-07-14', '', '', '', 'cl chap. 10 1-7', '', 'Leviticus 21-24', 'Leviticus 23:1-14', 'Universal Salvation Is Not Scriptural', 'rsp.356 3', NULL, 'Acceptable Time - Use Wisely the Opportune Season for God''s Favor', 'it-1 pp.37-38', NULL, '10 min: Get Ready for the Special Campaign in August.', '10 min: Benefit from Examining the Scriptures Daily.', '10 min: "Improving Our Skills in the Ministry  Initiating a Conversation in Order  to Witness Infor'),
(79, '2014-07-21', '', '', '', 'cl chap. 10 8-17', '', 'Leviticus 25-27', 'Leviticus 26:1-17', 'Will All Humans Eventually Be Saved?', 'rs p. 357 1', NULL, 'Accident, Accidental - Ways in Which the Scriptures Differentiate Between Accidental and Intentional Occurrences', 'it-1 p. 38', NULL, '10 min: Respected for Our Good Conduct and Christian Neutrality.', '10 min: Will You Auxiliary Pioneer in August?', '10 min: "How Do I Appear to Jehovah?"'),
(80, '2014-07-28', '', '', '', 'cl chap. 10 18-21, box on p. 106', '', 'Numbers 1-3', 'Numbers 3:21-38', '"All Sorts of Men" Will Be Saved', 'rs p. 357 2', NULL, 'Accusation - How Were Accusations Handled Under Hebrew and Roman Law?', 'it-1 p. 39 4-8', NULL, '10 min: Are You Prepared for the New School Year?', '10 min: Interview the Secretary.', '10 min: "Take as a Pattern the Prophets Zephaniah."'),
(81, '2014-08-04', '', '', '', 'cl chap. 11 1-8', '', 'Numbers 4-6', 'Numbers 4:17-33', 'Does the Bible Say That Some Will Never Be Saved?', 'rs p. 358 1-3', NULL, 'Accusation - Jehovah Overrules Bad Laws, and He Judges Those Who Make False Accusations', 'it-1 p. 39 9 - p. 40 1', NULL, '10 min: Offer the Magazines During August.', '10 min: Local needs - Disaster Preparedness.', '10 min: How Did We Do?'),
(82, '2014-08-18', '', '', '', 'cl chap. 11 17-22, box on p. 116', '', 'Numbers 10-13', 'Numbers 10:1-16', 'Why Faith Must Have Works', 'rs p. 359 2-5', NULL, 'Acts of Apostles - The Spectacular Beginning and Development of the Christian Organization', 'it-1 pp. 42-43 2', NULL, '15 min: "A Century of Advertising the Kingdom!" - Part 1.', '15 min: "A Century of Advertising the Kingdom!" - Part 2.', ''),
(83, '2014-08-25', '', '', '', 'cl chap. 12 1-8', '', 'Numbers 14-16', 'Theocratic Ministry School Review', 'Theocratic Ministry School Review', '', NULL, 'Theocratic Ministry School Review', '', NULL, '5 min: Local Experiences.', '10 min: Explaining the KingdomPart 1.', '15 min: Explaining the KingdomPart 2.'),
(84, '2014-09-01', '', '', '', 'cl chap. 12 9-15', '', 'Numbers 17-21', 'Numbers 17:1-13', 'How We Know That There Really Is a Devil', 'rs p. 361 2-p. 362 2', NULL, 'Acts of Apostles - The Accuracy of the Book of Acts', 'it-1 p. 43 3p. 44 2', NULL, '10 min: Offer the Magazines During September.', '10 min: How Did We Do?', '10 min: Report on Our Special Campaign.'),
(85, '2014-09-08', '', '', '', 'COV', 'http://wol.jw.org/en/wol/pc/r1/lp-e/202014320/1/0', 'Numbers 22-25', 'Numbers 22:36 - 23:10', 'Satan Is Not Just the Evil Within People', 'rs p. 362 3 - p. 363 1', 'http://wol.jw.org/en/wol/pc/r1/lp-e/202014320/3/0', 'Adam - In What Way Was Adam Made in the Likeness of God?', 'it-1 pp. 44-45 6', 'http://wol.jw.org/en/wol/pc/r1/lp-e/202014320/4/0', 'Display Good Manners When Preaching. (2 Cor. 6:3)', '"Improving Our Skills in the Ministry - Laying the Groundwork for a  Return Visit."', ''),
(86, '2014-09-15', '', '', '', 'cl chap. 13 1-10', 'http://wol.jw.org/en/wol/pc/r1/lp-e/202014322/1/0', 'Numbers 26-29', 'Numbers 27:1528:10', 'God Did Not Create the Devil', 'rs p. 363 2', 'http://wol.jw.org/en/wol/pc/r1/lp-e/202014322/2/0', 'Adam - The Terrible Consequences of Sin', 'it-1 p. 45 7p. 46 1', 'http://wol.jw.org/en/wol/pc/r1/lp-e/202014322/3/0', 'What Have We Accomplished?', '"Take as a Pattern the ProphetsNahum."', ''),
(87, '2014-09-22', '', '', '', 'cl ch. 13 11-18', 'http://wol.jw.org/en/wol/pc/r1/lp-e/202014324/1/0', 'Numbers 30-32', 'Numbers 32:16-30', 'Why God Did Not Destroy Satan Promptly After He Rebelled', 'rs p. 363 3 - p. 364 1', 'http://wol.jw.org/en/wol/pc/r1/lp-e/202014324/2/0', 'Administration - Human Administrations From Adam to the First Century', 'it-1 p. 48 3-8', 'http://wol.jw.org/en/wol/pc/r1/lp-e/202014324/3/0', 'The Rich Life of a Missionary. (Prov. 10:22)', '"Use jw.org in Your Ministry."', ''),
(88, '2014-09-29', '', '', '', 'cl ch. 13 19-23, box on p. 137', 'http://wol.jw.org/en/wol/pc/r1/lp-e/202014326/1/0', 'Numbers 33-36', 'Numbers 33:24-49', 'Do Not Underestimate the Devil''s Power', 'rs p. 364 2 - p. 365 2', 'http://wol.jw.org/en/wol/pc/r1/lp-e/202014326/3/0', 'Administration - The "Administration" That God Has Had in Operation Since 33 C.E.', 'it-1 p. 48 9', 'http://wol.jw.org/en/wol/pc/r1/lp-e/202014326/4/0', 'Start a Bible Study on the First Saturday.', 'What Do We Learn?', 'Interview the Coordinator of the Body of Elders.'),
(89, '2014-10-06', '', '', '', 'cl ch. 14 1-9', 'http://wol.jw.org/en/wol/pc/r1/lp-e/202014327/1/0', 'Deuteronomy 1-3', 'Deuteronomy 2:16-30', 'Relief From Satan''s Wicked Influence Is Near', 'rs p. 365 4 - p. 366 3', 'http://wol.jw.org/en/wol/pc/r1/lp-e/202014327/2/0', '* Does the Bible Teach That Sexual Relations Are Sinful?', 'rs p. 367 1 - p. 368 2', 'http://wol.jw.org/en/wol/pc/r1/lp-e/202014327/3/0', 'Offer the Magazines During October.', 'Local Needs.', 'How Did We Do?'),
(90, '2014-10-13', '', '', '', 'cl chap. 14 10-15', 'http://wol.jw.org/en/wol/pc/r1/lp-e/202014361/1/0', 'Deuteronomy 4-6', 'Deuteronomy 4:29-43', 'Changes That Must Be Made to Please God', 'rs p. 369 3 - p. 370 1', 'http://wol.jw.org/en/wol/pc/r1/lp-e/202014361/2/0', '* What the Bible Says About Homosexuality', 'rs p. 368 4p. 369 2', 'http://wol.jw.org/en/wol/pc/r1/lp-e/202014361/3/0', '5 min: What Does It Mean to Preach With Urgency?', '10 min: Why Is Our Preaching Urgent?', '15 min: "Seize Your Opportunities to Spread the Kingdom Message!"'),
(91, '2014-10-20', '', '', '', 'cl chap. 14 16-20, box on p. 147', 'http://wol.jw.org/en/wol/pc/r1/lp-e/202014364/1/0', 'Deuteronomy 7-10', 'Deuteronomy 9:15-29', 'Why a Perfect Man Could Sin', 'rs p. 371 2 - p. 372 3', 'http://wol.jw.org/en/wol/pc/r1/lp-e/202014364/3/0', 'Adonijah - Do Not Question Jehovah''s Decisions', 'it-1 pp. 49-50, Adonijah No. 1', 'http://wol.jw.org/en/wol/pc/r1/lp-e/202014364/4/0', '15 min: "Explaining Our Beliefs About 1914."', '15 min: A Tool to Help Us Explain Our Beliefs About 1914.', ''),
(92, '2014-10-27', '', '', '', 'cl chap. 15 1-10', 'http://wol.jw.org/en/wol/pc/r1/lp-e/202014366/1/0', 'Deuteronomy 11-13', 'Theocratic Ministry School Review', 'Theocratic Ministry School Review', '', '', 'Theocratic Ministry School Review', '', '', '15 min: "How to Cultivate a Sense of Urgency About Preaching."', '15 min: Prepare Well to Preach With Urgency.', ''),
(93, '2014-11-03', '', '', '', 'cl chap. 15 11-19', 'http://wol.jw.org/en/wol/pc/r1/lp-e/202014369/1/0', 'Deuteronomy 14-18', 'Deuteronomy 15:16 - 16:8', 'Why We Recognize Sin for What It Is', 'rs p. 373 1 - p. 374 1', 'http://wol.jw.org/en/wol/pc/r1/lp-e/202014369/2/0', 'Adoption - How Adoption Was Viewed and Practiced, As Revealed in the Hebrew Scriptures', 'it-1 p. 50 3-6', 'http://wol.jw.org/en/wol/pc/r1/lp-e/202014369/3/0', '10 min: Help Young Ones Prepare for the Ministry.', '10 min: How Some Preach the Word Urgently.', '10 min: How Has Your Ministry Improved?'),
(94, '2014-11-10', '', '', '', '', '', 'Deuteronomy 19-22', 'Deuteronomy 22:20-30', 'Sins Effect on Our Relationship With God', 'rs p. 374 2p. 375 2', 'http://wol.jw.org/en/wol/pc/r1/lp-e/202013000/86/0', 'Adoption - Jehovah Adopts Spiritual Sons by Means of Christ Jesus it-1 p. 51 1-3', 'it-1 p. 51 1-3', 'http://wol.jw.org/en/wol/pc/r1/lp-e/202013000/87/0', '', '', ''),
(95, '2014-11-17', '', '', '', '', '', 'Deuteronomy 23-27', 'Deuteronomy 25:17-26:10', 'What the Bible Says About the Soul', 'rs p. 375 4p. 376 4', 'http://wol.jw.org/en/wol/pc/r1/lp-e/202013000/83/0', 'Adornment - Adornment as Described in the Scriptures', 'it-1 p. 51 4-7', 'http://wol.jw.org/en/wol/pc/r1/lp-e/202013000/84/0', '', '', ''),
(96, '2014-11-24', '', '', '', '', '', 'Deuteronomy 28-31', 'Deuteronomy 30:1531:8', 'Animals Are Souls', 'rs p. 376 5p. 377 3', '', 'Adornment - Christian Counsel on Personal Adornment', 'it-1 p. 51 8p. 52 1', '', '', '', ''),
(97, '2014-12-01', '', '', '', '', '', 'Deuteronomy 32-34', 'Deuteronomy 32:22-35', 'At Death, Neither Soul Nor Spirit Continues Living', 'rs p. 377 4p. 379 6', '', '* Adultery - To Commit Adultery Is to Sin Against God', 'it-1 p. 53 4p. 54 1', '', '', '', ''),
(98, '2014-12-08', '', '', '', '', '', 'Joshua 1-5', 'Joshua 1:1-18', 'What Holy Spirit Is', 'rs p. 380 2p. 381 1', 'http://wol.jw.org/en/wol/pc/r1/lp-e/202013000/94/0', '* Adultery - How Could One Become Guilty of Spiritual Adultery?', 'it-1 p. 54 2', 'http://wol.jw.org/en/wol/pc/r1/lp-e/202013000/95/0', '', '', ''),
(99, '2014-12-15', '', '', '', '', '', 'Joshua 6-8', 'Joshua 8:18-29', 'What Gives Evidence That a Person Has Holy Spirit?', 'rs p. 381 3p. 382 1', 'http://wol.jw.org/en/wol/pc/r1/lp-e/202013000/96/0', 'Adversary - The Most Wicked Adversary of All Is Satan the Devil', 'it-1 p. 54', 'http://wol.jw.org/en/wol/pc/r1/lp-e/202013000/97/0', '', '', ''),
(100, '2014-12-22', '', '', '', '', '', 'Joshua 9-11', 'Joshua 9:16-27', 'There Is No Spirit Part of Man That Survives Death', 'rs p. 382 5p. 383 2', 'http://wol.jw.org/en/wol/pc/r1/lp-e/202013000/98/0', 'Affection - Maintain a Warm Personal Attachment to Jehovah and to Those Who Love Him', 'it-1 p. 55', 'http://wol.jw.org/en/wol/pc/r1/lp-e/202013000/99/0', '', '', ''),
(101, '2014-12-29', '', '', '', '', '', 'Joshua 12-15', 'Theocratic Ministry School Review', 'Theocratic Ministry School Review', '', '', 'Theocratic Ministry School Review', '', '', '', '', '');

-- --------------------------------------------------------

--
-- Table structure for table `meeting_type`
--

CREATE TABLE IF NOT EXISTS `meeting_type` (
  `meeting_type_id` tinyint(2) unsigned NOT NULL AUTO_INCREMENT,
  `meeting_type` varchar(100) COLLATE latin1_general_ci NOT NULL,
  PRIMARY KEY (`meeting_type_id`),
  KEY `meeting_type` (`meeting_type`)
) ENGINE=InnoDB  DEFAULT CHARSET=latin1 COLLATE=latin1_general_ci AUTO_INCREMENT=6 ;

--
-- Dumping data for table `meeting_type`
--

INSERT INTO `meeting_type` (`meeting_type_id`, `meeting_type`) VALUES
(1, 'Bible Study / School / Service Meeting'),
(3, 'Congregation Bible Study'),
(2, 'Public Meeting / Watchtower Study'),
(5, 'Service Meeting'),
(4, 'Theocratic Ministry School');

-- --------------------------------------------------------

--
-- Table structure for table `no_schools`
--

CREATE TABLE IF NOT EXISTS `no_schools` (
  `no_schools_id` int(11) unsigned NOT NULL AUTO_INCREMENT,
  `week_of` date NOT NULL,
  `no_schools` int(1) unsigned NOT NULL,
  PRIMARY KEY (`no_schools_id`)
) ENGINE=MyISAM  DEFAULT CHARSET=latin1 COLLATE=latin1_general_ci AUTO_INCREMENT=48 ;

--
-- Dumping data for table `no_schools`
--

INSERT INTO `no_schools` (`no_schools_id`, `week_of`, `no_schools`) VALUES
(8, '2014-09-22', 1),
(7, '2014-09-15', 1),
(9, '2014-09-08', 1),
(10, '2014-09-29', 2),
(11, '2014-10-06', 1),
(12, '2014-10-13', 1),
(13, '2014-10-20', 2),
(14, '2014-10-27', 1),
(15, '2014-11-03', 1),
(16, '2014-12-08', 1),
(17, '2014-12-22', 2),
(45, '2015-10-05', 2),
(44, '2015-08-31', 2),
(43, '2015-08-03', 2),
(42, '2015-06-29', 2),
(41, '2015-06-01', 2),
(40, '2015-05-04', 2),
(39, '2015-03-30', 2),
(38, '2015-03-02', 2),
(37, '2015-02-02', 2),
(36, '2015-01-05', 2),
(35, '2014-12-01', 2),
(34, '2015-01-12', 1),
(33, '2014-11-17', 1),
(46, '2015-11-02', 2),
(47, '2015-11-30', 2);

-- --------------------------------------------------------

--
-- Table structure for table `page`
--

CREATE TABLE IF NOT EXISTS `page` (
  `page_id` int(2) unsigned NOT NULL AUTO_INCREMENT,
  `page` varchar(50) COLLATE latin1_general_ci NOT NULL,
  KEY `page_id` (`page_id`)
) ENGINE=InnoDB  DEFAULT CHARSET=latin1 COLLATE=latin1_general_ci AUTO_INCREMENT=9 ;

--
-- Dumping data for table `page`
--

INSERT INTO `page` (`page_id`, `page`) VALUES
(1, 'Public Meeting'),
(2, 'Congregation Bible Study'),
(3, 'Theocratic Ministry School'),
(4, 'Service Meeting'),
(5, 'Attendants'),
(6, 'Sound & Stage'),
(7, 'Cleaning'),
(8, 'Grounds Keeping');

-- --------------------------------------------------------

--
-- Table structure for table `ptws_detail`
--

CREATE TABLE IF NOT EXISTS `ptws_detail` (
  `detail_id` int(10) unsigned NOT NULL AUTO_INCREMENT,
  `week_of` date NOT NULL,
  `ptws_song_1` varchar(3) COLLATE latin1_general_ci DEFAULT NULL,
  `ptws_song_2` varchar(3) COLLATE latin1_general_ci DEFAULT NULL,
  `ptws_song_3` varchar(3) COLLATE latin1_general_ci DEFAULT NULL,
  `theme` varchar(100) COLLATE latin1_general_ci DEFAULT NULL,
  `wt_study` varchar(100) COLLATE latin1_general_ci DEFAULT NULL,
  PRIMARY KEY (`detail_id`)
) ENGINE=MyISAM  DEFAULT CHARSET=latin1 COLLATE=latin1_general_ci AUTO_INCREMENT=103 ;

--
-- Dumping data for table `ptws_detail`
--

INSERT INTO `ptws_detail` (`detail_id`, `week_of`, `ptws_song_1`, `ptws_song_2`, `ptws_song_3`, `theme`, `wt_study`) VALUES
(1, '2013-03-04', 'tba', '106', '51', 'tba', 'Let Nothing Distance You From Jehovah'),
(2, '2013-03-11', 'tba', '52', '65', 'tba', 'Keep Drawing Close to Jehovah'),
(3, '2013-03-18', 'tba', '22', '39', 'tba', 'Serving Without Regrets'),
(4, '2013-03-25', 'tba', '123', '53', 'tba', 'Christian Elders - ''Fellow Workers for Our Joy'''),
(5, '2013-04-01', 'tba', '69', '28', 'Does Death End It All?', 'This Is Our Spiritual Heritage'),
(6, '2013-04-08', 'tba', '22', '75', 'Why Christians Must Be Different (#123)', 'Do You Appreciate Our Spiritual Heritage?'),
(7, '2013-04-15', 'tba', '133', '16', 'Is There a True Religion From God?s Standpoint? (#173)', 'Stay in Jehovah''s Valley of Protection'),
(8, '2013-04-22', 'tba', '15', '61', 'On Whose Promises Do You Rely? (#61)', 'Let Nothing Hinder You From Taking Hold of Glory'),
(9, '2013-04-29', 'tba', '45', '32', 'Appreciating the Marvels God''s Creations (#114)', 'For Those Loving Jehovah, "There Is No Stumbling Block"'),
(10, '2013-05-06', 'tba', '62', '60', 'Talk: Why Submit to God?s Rulership Now (#120)', 'Do You Have "a Heart to Know" Jehovah?'),
(20, '2013-06-03', '', '114', '113', '', 'Receive Full Benefit From Reading the Bible'),
(16, '2013-05-13', '', '81', '135', '', 'Having "Come to Know God" - What Now?'),
(17, '2013-05-20', '', '51', '95', '', 'Jehovah - Our Place of Dwelling'),
(18, '2013-05-27', '', '', '', 'District Convention May 31 - June 2', 'Honor Jehovah''s Great Name'),
(21, '2013-06-10', '', '37', '92', NULL, 'Help Yourself and Others by Using God''s Word'),
(22, '2013-06-17', '', '', '', NULL, '"Make Sure of the More Important Things"'),
(23, '2013-06-24', '', '', '', NULL, '"Do Not Tire Out"'),
(24, '2013-07-01', '', '', '', NULL, 'Fulfill Your Role as an Evangelizer'),
(25, '2013-07-08', '', '', '', NULL, 'Are You "Zealous for Fine Works"?'),
(26, '2013-07-15', '', '', '', NULL, 'Strengthen Your Marriage Through Good Communication'),
(27, '2013-07-22', '', '', '', NULL, 'Parents, Children - Communicate With Love'),
(28, '2013-07-29', '', '', '', NULL, 'Safeguard Your Inheritance by Making Wise Choices'),
(29, '2013-08-05', '', '', '', NULL, 'Appreciate Jehovah''s Qualities to the Full'),
(30, '2013-08-12', '', '', '', NULL, 'Appreciate Jehovah''s Generosity and Reasonableness'),
(31, '2013-08-19', '', '', '', NULL, 'Appreciate Jehovah''s Loyalty and Forgiveness'),
(32, '2013-08-26', '', '', '', NULL, 'Let Jehovah''s Discipline Mold You'),
(33, '2013-09-02', '', '', '', NULL, '"Tell Us, When Will These Things Be?"'),
(34, '2013-09-09', '', '', '', NULL, '"Look! I Am With You All the Days"'),
(35, '2013-09-23', '', '', '', NULL, '"Who Really Is the Faithful and Discreet Slave?"'),
(36, '2013-09-16', '', '', '', NULL, 'Feeding Many Through the Hands of a Few'),
(37, '2013-09-30', '', '', '', NULL, 'You Have Been Sanctified'),
(38, '2013-10-07', '', '', '', NULL, 'Never Become Enraged Against Jehovah'),
(39, '2013-10-14', '', '', '', NULL, 'Consider and Encourage One Another'),
(40, '2013-10-21', '', '', '', NULL, ''),
(41, '2013-10-28', '', '', '', NULL, 'Jehovahs Reminders Are Trustworthy'),
(42, '2013-11-04', '', '', '', NULL, 'Make Jehovahs Reminders the Exultation of Your Heart'),
(43, '2013-11-11', '', '', '', NULL, 'Have You Been Transformed?'),
(44, '2013-11-18', '', '', '', NULL, 'Make Personal Decisions Wisely'),
(45, '2013-11-25', '', '', '', NULL, 'Pioneering Strengthens Our Relationship With God'),
(46, '2013-12-02', '', '', '', NULL, 'Creation Reveals the Living God'),
(47, '2013-12-09', '', '', '', NULL, 'Slave for Jehovah'),
(48, '2013-12-16', '', '', '', NULL, 'Lessons From a Well-Prepared Prayer'),
(49, '2013-12-23', '', '', '', NULL, 'Act in Harmony With Jesus Loving Prayer'),
(50, '2013-12-30', '', '', '', NULL, '"Be Vigilant With a View to Prayers"'),
(51, '2014-01-06', '', '', '', NULL, 'How Can We Maintain "a Waiting Attitude"?'),
(52, '2014-01-13', '', '', '', NULL, 'Seven Shepherds, Eight DukesWhat They Mean for Us Today'),
(53, '2014-01-20', '', '', '', NULL, 'Obey Jehovahs Shepherds'),
(54, '2014-01-27', '', '', '', NULL, 'Shepherds, Imitate the Greatest Shepherds'),
(55, '2014-02-03', '', '', '', NULL, 'Avoid Being "Quickly Shaken From Your Reason"!'),
(56, '2014-02-10', '', '', '', NULL, 'Will You Make Sacrifices for the Kingdom?'),
(57, '2014-02-17', '', '', '', NULL, '''This Is to Be a Memorial for You'''),
(58, '2014-02-24', '', '', '', NULL, 'Do This in Remembrance of Me'),
(59, '2014-03-03', '', '', '', NULL, 'Worship Jehovah, the King of Eternity'),
(60, '2014-03-10', '', '', '', NULL, 'Special Assembly Day'),
(61, '2014-03-17', '', '', '', NULL, ''),
(62, '2014-03-24', '', '', '', NULL, ''),
(63, '2014-03-31', '', '', '', NULL, ''),
(64, '2014-04-07', '', '', '', NULL, ''),
(65, '2014-04-14', '', '', '', NULL, 'Rejoice Over the Marriage of the Lamb!'),
(66, '2014-04-21', '', '', '', NULL, 'Jehovah - Our Provider and Protector'),
(67, '2014-04-28', '', '', '', NULL, 'JehovahOur Best Friend'),
(68, '2014-05-05', '', '', '', NULL, 'How to Maintain the Spirit of Self-Sacrifice'),
(69, '2014-05-12', '', '', '', NULL, ''),
(70, '2014-05-19', '', '', '', NULL, 'Honor the Aged Among You'),
(71, '2014-05-26', '', '', '', NULL, ''),
(72, '2014-06-02', '', '', '', NULL, 'Imitate the Faith of Moses'),
(73, '2014-06-09', '', '', '', NULL, 'Do You See "the One Who Is Invisible"?'),
(74, '2014-06-16', '', '', '', NULL, 'No One Can Serve Two Masters'),
(75, '2014-06-23', '', '', '', NULL, 'Be of Good CourageJehovah Is Your Helper!'),
(76, '2014-06-30', '', '', '', NULL, 'Do You Appreciate Jehovahs Watchful Care?'),
(77, '2014-07-07', '', '', '', NULL, 'How Should We "Answer Each Person"?'),
(78, '2014-08-11', '', '', '', NULL, '"You Must Love Your Neighbor as Yourself"'),
(79, '2014-07-14', '', '', '', NULL, 'Follow the Golden Rule in Your Ministry'),
(80, '2014-07-21', '', '', '', NULL, 'Jehovah Is a God of Organization'),
(81, '2014-07-28', '', '', '', NULL, 'Are You Moving Ahead With Jehovahs Organization?'),
(82, '2014-08-04', '', '', '', NULL, '"You Must Love Jehovah Your God"'),
(83, '2014-08-18', '', '', '', NULL, 'Do You View Human Weakness as Jehovah Does?'),
(84, '2014-08-25', '', '', '', NULL, 'Help Others Reach Their Full Potential'),
(85, '2014-09-01', '', '', '', NULL, '"Jehovah Knows Those Who Belong to Him"'),
(86, '2014-09-08', '', '', '', NULL, 'Jehovah''s People "Renounce Unrighteousness"'),
(87, '2014-09-15', '', '', '', NULL, '"You Are My Witnesses"'),
(88, '2014-09-22', '', '', '', NULL, '"You Will Be Witnesses of Me"'),
(89, '2014-09-29', '', '', '', NULL, 'What Is the Role of Women in Jehovahs Purpose?'),
(90, '2014-10-06', '', '', '', NULL, 'Use the Word of God - It Is Alive!'),
(91, '2014-10-13', '', '', '', NULL, 'How Jehovah Draws Close to Us'),
(92, '2014-10-20', '', '', '', NULL, 'Hear Jehovahs Voice Wherever You Are'),
(93, '2014-10-27', '', '', '', NULL, 'Are You Convinced That You Have the Truth? Why?'),
(94, '2014-11-03', '', '', '', NULL, 'Serve God Loyally Despite "Many Tribulations"'),
(95, '2014-11-10', '', '', '', NULL, 'Parents - Shepherd Your Children'),
(96, '2014-11-17', '', '', '', NULL, 'The Last Enemy, Death, Brought to Nothing'),
(97, '2014-11-24', '', '', '', NULL, 'Remember Those in the Full-Time Service'),
(98, '2014-12-01', '', '', '', NULL, 'Have Unshakable Faith in the Kingdom'),
(99, '2014-12-08', '', '', '', NULL, 'You Will Become a Kingdom of Priests'),
(100, '2014-12-15', '', '', '', NULL, 'Cherish Your Privilege of Working With Jehovah!'),
(101, '2014-12-22', '', '', '', NULL, 'Keep Your Minds Fixed on the Things Above'),
(102, '2014-12-29', '', '', '', NULL, 'The Resurrection of JesusIts Meaning for Us');

-- --------------------------------------------------------

--
-- Table structure for table `pub_type`
--

CREATE TABLE IF NOT EXISTS `pub_type` (
  `pub_type_id` int(10) unsigned NOT NULL AUTO_INCREMENT,
  `pub_type` varchar(30) DEFAULT NULL,
  PRIMARY KEY (`pub_type_id`)
) ENGINE=InnoDB  DEFAULT CHARSET=latin1 AUTO_INCREMENT=5 ;

--
-- Dumping data for table `pub_type`
--

INSERT INTO `pub_type` (`pub_type_id`, `pub_type`) VALUES
(1, 'Pioneer publisher'),
(2, 'Baptized publisher'),
(3, 'Unbaptized publisher'),
(4, 'Inactive publisher');

-- --------------------------------------------------------

--
-- Table structure for table `servant_type`
--

CREATE TABLE IF NOT EXISTS `servant_type` (
  `servant_type_id` int(10) unsigned NOT NULL AUTO_INCREMENT,
  `servant_type` varchar(30) DEFAULT NULL,
  PRIMARY KEY (`servant_type_id`),
  KEY `servant_type` (`servant_type`)
) ENGINE=InnoDB  DEFAULT CHARSET=latin1 AUTO_INCREMENT=4 ;

--
-- Dumping data for table `servant_type`
--

INSERT INTO `servant_type` (`servant_type_id`, `servant_type`) VALUES
(1, 'Elder'),
(2, 'Ministerial Servant'),
(3, 'N/A');

-- --------------------------------------------------------

--
-- Table structure for table `service_groups`
--

CREATE TABLE IF NOT EXISTS `service_groups` (
  `service_group_id` int(10) unsigned NOT NULL AUTO_INCREMENT,
  `service_group_number` varchar(2) DEFAULT NULL,
  `overseer_last_name` varchar(30) DEFAULT NULL,
  `assist_last_name` varchar(30) DEFAULT NULL,
  `meeting_place` varchar(30) DEFAULT NULL,
  PRIMARY KEY (`service_group_id`)
) ENGINE=InnoDB  DEFAULT CHARSET=latin1 AUTO_INCREMENT=2 ;

--
-- Dumping data for table `service_groups`
--

INSERT INTO `service_groups` (`service_group_id`, `service_group_number`, `overseer_last_name`, `assist_last_name`, `meeting_place`) VALUES
(1, '1', 'Stayce', 'Rush', 'Harville');

-- --------------------------------------------------------

--
-- Table structure for table `settings`
--

CREATE TABLE IF NOT EXISTS `settings` (
  `setting_id` int(2) NOT NULL,
  `setting` varchar(150) CHARACTER SET latin1 COLLATE latin1_general_ci NOT NULL,
  PRIMARY KEY (`setting_id`)
) ENGINE=InnoDB DEFAULT CHARSET=latin1;

--
-- Dumping data for table `settings`
--

INSERT INTO `settings` (`setting_id`, `setting`) VALUES
(1, 'Giving a house-to-house presentation'),
(2, 'Overcoming a potential conversation stopper'),
(3, 'Making the first return visit on someone who showed interest'),
(4, 'Demonstrating a Bible study on the initial call'),
(5, 'Conducting a study with a person who does not read well'),
(6, 'Conducting a study with an advanced student'),
(7, 'Encouraging a Bible student to attend meetings'),
(8, 'Persuading a Bible student to apply some point of Scriptural counsel'),
(9, 'Having a practice session with an unbaptized publisher'),
(10, 'Encouraging Bible reading by showing how to do it or how reading  a specific Bible book can benefit us'),
(11, 'Witnessing over the telephone or by intercom'),
(12, 'Engaging in street witnessing'),
(13, 'Witnessing at a market or other place of business'),
(14, 'Witnessing informally in a waiting room'),
(15, 'Witnessing informally on public transportation'),
(16, 'Witnessing in a local setting'),
(17, 'Witnessing to a neighbor'),
(18, 'Explaining your belief to a non-Witness relative'),
(19, 'Sharing your belief with a workmate or a schoolmate'),
(20, 'Witnessing to a schoolteacher, an employer, or a local official'),
(21, 'Witnessing to a doctor, a lawyer, or another professional'),
(22, 'Witnessing to a person who does not speak your language well'),
(23, 'Conversing with an atheist or an agnostic'),
(24, 'Witnessing to an animist, a Buddhist, a Catholic, a Hindu, a Jew, a  Muslim, a Protestant, or someone of another local religion'),
(25, 'Working with someone in the Pioneers Assist Others program'),
(26, 'A parent reasoning with a child, or a youth reasoning with a sibling'),
(27, 'Sharing Scriptural encouragement with someone who is ill'),
(28, 'Using the Scriptures to comfort a grieving or depressed person  met in the field'),
(29, 'An older person counseling a youth'),
(30, 'Another setting appropriate to your area');

-- --------------------------------------------------------

--
-- Table structure for table `songs`
--

CREATE TABLE IF NOT EXISTS `songs` (
  `song_id` int(3) NOT NULL,
  `song` varchar(50) COLLATE latin1_general_ci NOT NULL,
  PRIMARY KEY (`song_id`)
) ENGINE=MyISAM DEFAULT CHARSET=latin1 COLLATE=latin1_general_ci;

--
-- Dumping data for table `songs`
--

INSERT INTO `songs` (`song_id`, `song`) VALUES
(1, 'Jehovahs Attributes'),
(2, 'We Thank You, Jehovah'),
(3, '"God Is Love"'),
(4, 'Making a Good Name With God'),
(5, 'Christ, Our Exemplar'),
(6, 'The Prayer of Gods Servant'),
(7, 'Christian Dedication'),
(8, 'The Lords Evening Meal'),
(9, 'Praise Jehovah, Our God!'),
(10, '"Here I Am! Send Me"'),
(11, 'Making Jehovahs Heart Glad'),
(12, 'Life Everlasting Is Promised'),
(13, 'A Prayer of Thanksgiving'),
(14, 'All Things Made New'),
(15, 'Creation Reveals Jehovahs Glory'),
(16, 'Flee to Gods Kingdom!'),
(17, 'Forward, You Witnesses!'),
(18, 'Gods Loyal Love'),
(19, 'Gods Promise of Paradise'),
(20, 'Bless Our Meeting Together'),
(21, 'Happy, the Merciful!'),
(22, '"Jehovah Is My Shepherd"'),
(23, 'Jehovah, Our Strength'),
(24, 'Keep Your Eyes on the Prize!'),
(25, 'Proof of Discipleship'),
(26, 'Oh, Walk With God!'),
(27, 'Take Sides With Jehovah!'),
(28, 'The New Song'),
(29, 'Walking in Integrity'),
(30, 'Jehovah Begins His Rule'),
(31, 'We Are Jehovahs Witnesses!'),
(32, 'Be Steadfast, Unmovable!'),
(33, 'Fear Them Not!'),
(34, 'Living Up to Our Name'),
(35, 'Gratitude for Divine Patience'),
(36, '"What God Has Yoked Together"'),
(37, 'The ScripturesInspired of God'),
(38, 'Throw Your Burden on Jehovah'),
(39, 'Our Possession of Peace'),
(40, 'Keep On Seeking First the Kingdom'),
(41, 'Worship Jehovah During Youth'),
(42, '"Assist Those Who Are Weak"'),
(43, 'Stay Awake, Stand Firm, Grow Mighty'),
(44, 'Sharing Joyfully in the Harvest'),
(45, 'Move Ahead!'),
(46, 'Jehovah Is Our King!'),
(47, 'Declare the Good News'),
(48, 'Daily Walking With Jehovah'),
(49, 'Jehovah Is Our Refuge'),
(50, 'The Divine Pattern of Love'),
(51, 'We Cleave to Jehovah'),
(52, 'Guard Your Heart'),
(53, 'Working Together in Unity'),
(54, 'We Must Have the Faith'),
(55, 'Life Without EndAt Last!'),
(56, 'Please Hear My Prayer'),
(57, 'The Meditation of My Heart'),
(58, 'My Prayer of Dedication'),
(59, 'To God We Are Dedicated!'),
(60, 'He Will Make You Strong'),
(61, 'What Sort of Person I Should Be'),
(62, 'To Whom Do We Belong?'),
(63, 'Ever Loyal'),
(64, 'Make the Truth Your Own'),
(65, '"This Is the Way"'),
(66, 'Serving Jehovah Whole-Souled'),
(67, 'Pray to Jehovah Each Day'),
(68, 'A Prayer of the Lowly One'),
(69, 'Make Me Know Your Ways'),
(70, '"Make Sure of the More Important Things"'),
(71, 'Gods Gift of Holy Spirit'),
(72, 'Cultivating the Quality of Love'),
(73, 'Love Intensely From the Heart'),
(74, 'The Joy of Jehovah'),
(75, 'Our Reasons for Joy'),
(76, 'Jehovah, God of Peace'),
(77, 'Be Forgiving'),
(78, 'Long-Suffering'),
(79, 'The Power of Kindness'),
(80, 'The Quality of Goodness'),
(81, '"Give Us More Faith"'),
(82, 'Imitate Christs Mildness'),
(83, 'We Need Self-Control'),
(84, '"I Want To"'),
(85, 'A Full Reward From Jehovah'),
(86, 'Faithful Women, Christian Sisters'),
(87, 'Now We Are One'),
(88, 'Children Are a Trust From God'),
(89, 'Jehovahs Warm Appeal: "Be Wise, My Son"'),
(90, 'Beauty in Gray-Headedness'),
(91, 'My Father, My God and Friend'),
(92, '"Preach the Word"'),
(93, '"Let Your Light Shine"'),
(94, 'Content With Gods Good Gifts'),
(95, '"Taste and See That Jehovah Is Good"'),
(96, 'Seek Out Deserving Ones'),
(97, 'Forward, You Ministers'),
(98, 'Sowing Kingdom Seed'),
(99, 'Praising Earths New King'),
(100, 'We Are Jehovahs Army!'),
(101, 'Making Known the Kingdom Truth'),
(102, 'Join in the Kingdom Song!'),
(103, '"From House to House"'),
(104, 'Praise Jah With Me'),
(105, 'The Heavens Declare Gods Glory'),
(106, 'Gaining Jehovahs Friendship'),
(107, 'Come to Jehovahs Mountain'),
(108, 'Praise Jehovah for His Kingdom'),
(109, 'Hail Jehovahs Firstborn!'),
(110, 'Gods Wondrous Works'),
(111, 'He Will Call'),
(112, 'Great God, Jehovah'),
(113, 'Grateful for Gods Word'),
(114, 'Gods Own BookA Treasure'),
(115, 'Making Our Way Successful'),
(116, 'The Light Gets Brighter'),
(117, 'We Must Be Taught'),
(118, 'Welcome One Another'),
(119, 'Come! Be Refreshed'),
(120, 'Listen, Obey, and Be Blessed'),
(121, 'Encourage One Another'),
(122, 'Myriads of Brothers'),
(123, 'ShepherdsGifts in Men'),
(124, 'Receive Them With Hospitality'),
(125, 'Loyally Submitting'),
(126, 'Our Labor of Love'),
(127, 'A Place Bearing Your Name'),
(128, 'The Scene of This World'),
(129, 'Holding Fast to Our Hope'),
(130, 'The Miracle of Life'),
(131, 'Jehovah Provides Escape'),
(132, 'A Victory Song'),
(133, 'Seek God for Your Deliverance'),
(134, 'See Yourself When All Is New'),
(135, 'Enduring to the End');

-- --------------------------------------------------------

--
-- Table structure for table `studies`
--

CREATE TABLE IF NOT EXISTS `studies` (
  `study_id` int(3) NOT NULL,
  `study` varchar(100) NOT NULL,
  PRIMARY KEY (`study_id`)
) ENGINE=InnoDB DEFAULT CHARSET=latin1;

--
-- Dumping data for table `studies`
--

INSERT INTO `studies` (`study_id`, `study`) VALUES
(1, 'Accurate Reading'),
(2, 'Words Clearly Spoken'),
(3, 'Correct Pronunciation'),
(4, 'Fluent Delivery'),
(5, 'Appropriate Pausing'),
(6, 'Proper Sense Stress'),
(7, 'Principal Ideas Emphasized'),
(8, 'Suitable Volume'),
(9, 'Modulation'),
(10, 'Enthusiasm'),
(11, 'Warmth and Feeling'),
(12, 'Gestures and Facial Expressions'),
(13, 'Visual Contact'),
(14, 'Naturalness'),
(15, 'Good Personal Appearance'),
(16, 'Poise'),
(17, 'Use of Microphone'),
(18, 'Use of Bible in Replying'),
(19, 'Use of Bible Encouraged'),
(20, 'Scriptures Effectively Introduced'),
(21, 'Scriptures Read With Proper Emphasis'),
(22, 'Scriptures Correctly Applied'),
(23, 'Practical Value Made Clear'),
(24, 'Choice of Words'),
(25, 'Use of an Outline'),
(26, 'Logical Development of Material'),
(27, 'Extemporaneous Delivery'),
(28, 'Conversational Manner'),
(29, 'Voice Quality'),
(30, 'Interest Shown in the Other Person'),
(31, 'Respect Shown to Others'),
(32, 'Expressed With Conviction'),
(33, 'Tactful Yet Firm'),
(34, 'Upbuilding and Positive'),
(35, 'Repetition for Emphasis'),
(36, 'Theme Developed'),
(37, 'Main Points Made to Stand Out'),
(38, 'Interest-Arousing Introduction'),
(39, 'Effective Conclusion'),
(40, 'Accuracy of Statement'),
(41, 'Understandable to Others'),
(42, 'Informative to Your Audience'),
(43, 'Use of Assigned Material'),
(44, 'Effective Use of Questions'),
(45, 'Illustrations/Examples That Teach'),
(46, 'Illustrations From Familiar Situations'),
(47, 'Effective Use of Visual Aids'),
(48, 'Reasoning Manner'),
(49, 'Sound Arguments Given'),
(50, 'Effort to Reach the Heart'),
(51, 'Accurately Timed, Properly Proportioned'),
(52, 'Effective Exhortation'),
(53, 'Audience Encouraged and Strengthened');

-- --------------------------------------------------------

--
-- Table structure for table `talks`
--

CREATE TABLE IF NOT EXISTS `talks` (
  `talk_id` int(10) NOT NULL AUTO_INCREMENT,
  `week_of` date NOT NULL,
  `name` varchar(60) COLLATE latin1_general_ci NOT NULL,
  `phone` varchar(16) COLLATE latin1_general_ci DEFAULT NULL,
  `no_hosp` varchar(4) COLLATE latin1_general_ci DEFAULT NULL,
  `congr_id` int(3) unsigned NOT NULL,
  `theme_id` int(3) NOT NULL,
  `local_sp` tinyint(1) NOT NULL DEFAULT '0',
  `outgoing` tinyint(1) NOT NULL DEFAULT '0',
  PRIMARY KEY (`talk_id`)
) ENGINE=MyISAM  DEFAULT CHARSET=latin1 COLLATE=latin1_general_ci AUTO_INCREMENT=110 ;

--
-- Dumping data for table `talks`
--

INSERT INTO `talks` (`talk_id`, `week_of`, `name`, `phone`, `no_hosp`, `congr_id`, `theme_id`, `local_sp`, `outgoing`) VALUES
(5, '2013-06-10', 'Victor Kim', '', '', 8, 179, 0, 0),
(7, '2013-06-03', 'Reggie Owens', '', '', 8, 90, 0, 0),
(14, '2013-06-17', 'Charles Miles', '', '', 9, 164, 0, 0),
(16, '2013-06-24', 'Jacob Pemble', '', '', 9, 162, 0, 0),
(20, '2013-07-01', 'Kim Major', '', '', 10, 163, 0, 0),
(41, '2013-07-08', 'Bill Parker', '', '', 7, 176, 0, 0),
(42, '2013-07-15', 'Ron Samuel', '', '', 7, 148, 0, 0),
(43, '2013-07-22', 'James Shields', '', '', 7, 111, 0, 0),
(44, '2013-07-29', 'Ted Flemming', '', '', 4, 70, 0, 0),
(45, '2013-08-19', 'Ron Otto', '', '', 7, 149, 0, 0),
(53, '2013-09-02', 'Gene Maxwell', '', '', 15, 150, 0, 0),
(54, '2013-09-09', 'Richard Birdsell', '', '', 15, 116, 0, 0),
(55, '2013-09-16', 'Jared Shinkle', '', '', 15, 27, 0, 0),
(56, '2013-09-23', 'Stanely Landers', '', '', 18, 184, 0, 0),
(57, '2013-09-30', 'Mike Fratini', '', '', 15, 161, 0, 0),
(58, '2013-10-07', 'Rusty Taul', '', '', 15, 130, 0, 0),
(59, '2013-10-21', '"Bum" C. Grayson', '', '', 15, 97, 0, 0),
(60, '2013-10-14', 'Aaron Galvan', '', '', 16, 145, 0, 0),
(62, '2013-11-04', 'Ken Madison', '', '', 14, 112, 0, 0),
(63, '2013-11-11', 'Johnny Griffin', '', '', 14, 115, 0, 0),
(64, '2013-11-18', 'Mike Rowland', '', '', 7, 9, 0, 0),
(65, '2013-08-05', '"Bum" C. Grayson', '', '', 15, 97, 0, 0),
(66, '2013-08-12', 'Ron Samuel', '', '', 7, 148, 0, 0),
(67, '2013-12-16', 'Leon Withers', '', '', 19, 67, 0, 0),
(68, '2013-12-23', 'Charles Wise', '', '', 19, 59, 0, 0),
(69, '2014-02-03', 'Ken Madison', '', '', 14, 112, 0, 0),
(70, '2014-02-17', 'Todd Griffin', '', '', 14, 139, 0, 0),
(71, '2014-02-24', 'Johnny Griffin', '', '', 14, 115, 0, 0),
(73, '2014-03-24', 'Charles Wise', '', '', 19, 59, 0, 0),
(74, '2014-03-31', 'Ben Greer', '', '', 2, 119, 0, 0),
(75, '2014-04-14', 'Greg Chancellor', '', '', 2, 24, 0, 0),
(85, '2014-04-07', 'Stan Landers', '', '', 18, -1, 0, 0),
(77, '2014-04-28', 'Matt Wood', '', '', 20, 26, 0, 0),
(78, '2014-05-05', 'Nelson Mitchell', '', '', 20, 3, 0, 0),
(79, '2014-05-12', 'Matt Wood', '', '', 20, 26, 0, 0),
(80, '2014-05-19', 'Steve Snyder', '', '', 20, 69, 0, 0),
(81, '2014-05-26', 'Art Johnson', '', '', 20, 150, 0, 0),
(82, '2014-06-02', 'Curt Johnson', '', '', 20, 103, 0, 0),
(83, '2014-06-16', 'Daniel Barnaby', '', '', 20, 72, 0, 0),
(84, '2014-06-30', 'Mark Wiggins', '', '', 2, 33, 0, 0),
(86, '2014-07-14', 'James Snyder', '', '', 20, 30, 0, 0),
(87, '2014-07-21', 'Jeff Ritter', '', '', 20, 22, 0, 0),
(88, '2014-07-28', 'Travis Williams', '', '', 21, 19, 0, 0),
(89, '2014-08-04', 'Rick Goyette', '', '', 21, 1, 0, 0),
(90, '2014-08-18', 'Jim Ellis', '', '', 21, 18, 0, 0),
(91, '2014-08-25', 'Thurman Williams', '', '', 21, 54, 0, 0),
(92, '2014-09-15', 'Gary Scott', '', '', 2, 62, 0, 0),
(93, '2014-06-23', 'Scott Cisco', '', '', 22, 0, 0, 0),
(94, '2014-09-08', 'Stan Landers', '', '', 1, 0, 0, 0),
(95, '2014-09-29', 'Burnett', '', '', 23, 7, 0, 0),
(96, '2014-10-06', 'Pruett', '', '', 23, 34, 0, 0),
(97, '2014-10-13', 'Ben Greer', '', '', 2, 119, 0, 0),
(98, '2014-11-17', 'Whitebread', '', '', 23, 53, 0, 0),
(99, '2014-11-24', 'Cruse', '', '', 23, 185, 0, 0),
(100, '2014-11-03', 'Marcus Harris', '', '', 24, 44, 0, 0),
(101, '2014-11-10', 'Terry Goyette', '', '', 24, 43, 0, 0),
(102, '2014-12-08', 'Daryl Brewster', '', '', 24, 19, 0, 0),
(103, '2014-12-15', 'Kelvin Easter', '', '', 24, 8, 0, 0),
(104, '2014-12-29', 'Heath Rhinehart', '', '', 3, 87, 0, 0),
(105, '2015-01-05', 'Phillip Kenslow', '', '', 2, 169, 0, 0),
(106, '2015-01-12', 'Jim Rush, Sr', '', '', 3, 76, 0, 0),
(107, '2015-01-19', 'Rusty Calvin', '', '', 3, 60, 0, 0),
(108, '2015-01-26', 'Charles Barber', '', '', 3, 6, 0, 0),
(109, '2015-02-16', 'Johnny Griffin', '', '', 14, 115, 0, 0);

-- --------------------------------------------------------

--
-- Table structure for table `themes`
--

CREATE TABLE IF NOT EXISTS `themes` (
  `theme_id` int(3) NOT NULL,
  `theme` varchar(200) COLLATE latin1_general_ci NOT NULL,
  PRIMARY KEY (`theme_id`),
  KEY `theme` (`theme`)
) ENGINE=MyISAM DEFAULT CHARSET=latin1 COLLATE=latin1_general_ci;

--
-- Dumping data for table `themes`
--

INSERT INTO `themes` (`theme_id`, `theme`) VALUES
(1, 'How Well Do You Know God?'),
(2, 'Will You Be a Survivor of the Last Days?'),
(3, 'Serving With Jehovah''s Unified Organization'),
(4, 'Evidence of God in the World Around Us'),
(5, 'Family Life That Warms the Heart'),
(6, 'The Flood of Noah''s Day Has Meaning for Us'),
(7, 'Mercy, a Dominant Quality of True Christians'),
(8, 'Living, Not for Self, But to Do God''s Will'),
(9, 'Never Become Dull in Your Hearing'),
(10, 'Conducting Ourselves Honestly at All Times'),
(11, '"No Part of the World" - In Imitation of Christ'),
(12, 'Respect for Authority Is a Safeguard for You'),
(13, 'A Godly View of Sex and Marriage'),
(14, 'A Clean People Honors Jehovah'),
(15, 'As Christians, We Care About Other People'),
(16, 'Keep Growing in Your Relationship With God'),
(17, 'Glorifying God With All We Have'),
(18, 'Are You Really Making Jehovah Your Stronghold?'),
(19, 'Your Future - How Can It Be Known?'),
(20, 'Is It Time for God to Rule the World?'),
(21, 'How Do You Fit Into the Kingdom Arrangement?'),
(22, 'Are You Content With Jehovah''s Provisions?'),
(23, 'Life Does Have a Purpose'),
(24, 'What God''s Rulership Can Do for Us'),
(25, 'Resisting the Spirit of the World'),
(26, 'Does God Count You Personally Important?'),
(27, 'Getting Marriage Off to a Good Start'),
(28, 'Show Respect and Love in Your Marriage'),
(29, 'Responsibilities and Rewards of Parenthood'),
(30, 'Communication - Within the Family and With God'),
(31, 'Happy Though Hungry - How Can It Be?'),
(32, 'Coping With Life''s Anxieties'),
(33, 'What Is Behind the Spirit of Rebellion?'),
(34, 'Are You "Marked" for Survival?'),
(35, 'Can You Live Forever? Will You?'),
(36, 'Is This Life All There Is?'),
(37, 'Decide Now for Divine Rulership'),
(38, 'Act Wisely as the End Draws Near'),
(39, 'Be Confident of Divine Victory!'),
(40, 'What the Near Future Holds!'),
(41, '"Stand Still and See the Salvation of Jehovah"'),
(42, 'How the Kingdom of God Affects You'),
(43, 'Are You Doing What God Requires of You?'),
(44, 'Keep Seeking God''s Kingdom'),
(45, 'Follow the Way to Life'),
(46, 'Maintain Your Confidence Firm to the End'),
(47, '"Have Faith in the Good News"'),
(48, 'Meeting the Test of Christian Loyalty'),
(49, 'A Cleansed Earth - Will You Live to See It?'),
(50, 'Decisions You Face - How Will You Make Them?'),
(51, 'Is the Truth Transforming Your Life?'),
(52, 'Who Is Your God?'),
(53, 'Does Your Thinking Agree With God''s?'),
(54, 'Build Your Faith in Man''s Maker'),
(55, 'What Kind of Name Are You Making With God?'),
(56, 'Into the New World Under Christ''s Leadership'),
(57, 'Bearing Up Under Persecution'),
(58, 'How Should You Serve God?'),
(59, 'You Will Reap What You Sow'),
(60, 'How Purposeful Is Your Life?'),
(61, 'On Whose Promises Do You Rely?'),
(62, 'The Only Cure for Sick Mankind'),
(63, 'Do You Have the Evangelizing Spirit?'),
(64, 'Lovers of Pleasure or Lovers of God?'),
(65, 'Finding Honor and Joy in God''s Ministry'),
(66, 'Slave for the Master of the Harvest'),
(67, 'Taking Time to Meditate on Spiritual Things'),
(68, 'Do You Harbor Resentment, or Do You Forgive?'),
(69, 'Renewing the Spirit of Self-Sacrifice'),
(70, 'Make Jehovah Your Confidence'),
(71, 'How to Keep Spiritually Awake'),
(72, 'Love Identifies the True Christian Congregation'),
(73, 'Acquiring a Heart of Wisdom'),
(74, 'Jehovah''s Eyes Are Upon Us'),
(75, 'Do You Recognize Jehovah''s Sovereignty in Your Personal Life?'),
(76, 'Bible Principles - Can They Help Us to Cope With Today''s Problems?'),
(77, 'Follow the Course of Hospitality'),
(78, 'Serve Jehovah With a Joyful Heart'),
(79, 'Friendship With God, Friendship With the World - Which Will You Choose?'),
(80, 'Does Your Hope Rest on Science or the Bible?'),
(81, 'Who Are Qualified as Ministers of God?'),
(82, 'Jehovah and Christ - Are They Part of a Trinity?'),
(83, 'Religion''s Time of Judgment'),
(84, 'Will You Escape This World''s Destiny?'),
(85, 'Good News in a Violent World'),
(86, 'Prayers That Are Heard by God'),
(87, 'What Is Your Relationship With God?'),
(88, 'Why Live by Bible Standards?'),
(89, 'Come, You Who Thirst for the Truth!'),
(90, 'Reach Out for the Real Life!'),
(91, 'The Messiah''s Presence and His Rule'),
(92, 'Religion''s Role in World Affairs'),
(93, '"Acts of God" - How Do You View Them?'),
(94, 'True Religion Meets the Needs of Human Society'),
(95, 'The Bible''s View of Spiritistic Practices'),
(96, 'False Religion''s End Is Near'),
(97, 'Remaining Blameless Amid a Crooked Generation'),
(98, 'Keep Clean From Worldly Defilements'),
(99, 'Why You Can Trust the Bible'),
(100, 'True Friendship With God and Neighbor'),
(101, 'Jehovah - The Grand Creator'),
(102, 'Paying Attention to the Prophetic Word'),
(103, 'You Can Find Joy in Serving God'),
(104, 'Parents - Are You Building With Fire-Resistant Materials?'),
(105, 'Gaining Comfort in All Our Tribulations'),
(106, 'Ruining the Earth Brings Divine Retribution'),
(107, 'Hold a Good Conscience in a Sinful World'),
(108, 'Overcoming Fear of the Future'),
(109, 'The Kingdom of God Is Near'),
(110, 'God Comes First in Successful Family Life'),
(111, 'What Does the Healing of the Nations Accomplish?'),
(112, 'How to Express Love in a Lawless World'),
(113, 'How Can Youths Cope With Today''s Crisis?'),
(114, 'Appreciating Marvels of God''s Creation'),
(115, 'How to Protect Ourselves From Satan''s Snares'),
(116, 'Choose Your Associates Wisely!'),
(117, 'How to Conquer Evil With Good'),
(118, 'Looking at Youths From Jehovah''s Standpoint'),
(119, 'Christian Separateness From the World - Why Beneficial'),
(120, 'Why Submit to God''s Rulership Now'),
(121, 'A Worldwide Brotherhood Saved From Calamity'),
(122, 'Global Peace - From What Source?'),
(123, 'Why Christians Must Be Different'),
(124, 'Basis for Confidence in the Bible''s Divine Authorship'),
(125, 'Why Mankind Needs a Ransom'),
(126, 'Who Can Be Saved?'),
(127, 'What Happens When We Die?'),
(128, 'Is Hell Really a Place of Fiery Torment?'),
(129, 'Is the Trinity a Scriptural Teaching?'),
(130, 'The Earth Will Remain Forever'),
(131, 'Is There Really a Devil?'),
(132, 'The Resurrection - Victory Over Death!'),
(133, 'The Origin of Humans - Does It Matter What You Believe?'),
(134, 'Should Christians Keep the Sabbath?'),
(135, 'The Sacredness of Life and Blood'),
(136, 'Does God Approve of the Use of Images in Worship?'),
(137, 'Did the Miracles of the Bible Really Happen?'),
(138, 'Live With Soundness of Mind in a Depraved World'),
(139, 'Godly Wisdom in a Scientific World'),
(140, 'Jesus Christ - Earth''s New Ruler'),
(141, 'Human Creation''s Groaning - When Will It End?'),
(142, 'Why Take Refuge in Jehovah'),
(143, 'Trust in the God of All Comfort'),
(144, 'A Loyal Congregation Under Christ''s Leadership'),
(145, 'Who Is Like Jehovah Our God?'),
(146, 'Use Education to Praise Jehovah'),
(147, 'Trust in Jehovah''s Saving Power'),
(148, 'Do You Share God''s View of Life?'),
(149, 'Are You Walking With God?'),
(150, 'How Real Is God to You?'),
(151, 'Jehovah Is "a Secure Height" for His People'),
(152, 'The Real Armageddon - Why? When?'),
(153, 'Keep Close in Mind the "Fear-Inspiring Day"!'),
(154, 'Human Rule - Weighed in the Balance'),
(155, 'Has Babylon''s Judgment Hour Arrived?'),
(156, 'Judgment Day - ATime of Fear or Hope?'),
(157, 'How True Christians Adorn Divine Teaching'),
(158, 'Be Courageous, and Trust in Jehovah'),
(159, 'Finding Security in a Dangerous World'),
(160, 'Safeguard Your Christian Identity!'),
(161, 'Why Did Jesus Suffer and Die?'),
(162, 'Deliverance From a World of Darkness'),
(163, 'Why Fear the True God?'),
(164, 'Is God Still in Control?'),
(165, 'Whose Values Do You Cherish?'),
(166, 'Facing the Future With Faith and Courage'),
(167, 'Act Wisely in a Senseless World'),
(168, 'You Can Feel Safe in This Troubled World!'),
(169, 'Why Be Guided by the Bible?'),
(170, 'Who Is Qualified to Rule Mankind?'),
(171, 'You Can Enjoy Life in Peace Now - And Forever!'),
(172, 'What Is Your Standing With God?'),
(173, 'Is There a True Religion From God''s Standpoint?'),
(174, 'God''s New World - Who Will Qualify to Enter?'),
(175, 'What Marks the Bible as Authentic?'),
(176, 'Real Peace and Security - When?'),
(177, 'Where Can You Get Help in Times of Distress?'),
(178, 'Walk in the Way of Integrity'),
(179, 'Reject Worldly Fantasies, Pursue Kingdom Realities'),
(180, 'The Resurrection - Why That Hope Should Be Real to You'),
(181, 'Is It Later Than You Think?'),
(182, 'What God''s Kingdom Is Doing for Us Now'),
(183, 'Turn Your Eyes Away From Worthless Things!'),
(0, '   '),
(184, 'Does Death End It All?'),
(185, 'Does the Truth Affect Your Life?'),
(186, 'Unite With God''s Happy People'),
(187, 'Why Would a Loving God Permit Wickedness'),
(188, 'Is Your Confidence In Jehovah?'),
(189, 'Walking With God Brings Blessings Now and Forever');

-- --------------------------------------------------------

--
-- Table structure for table `toggles`
--

CREATE TABLE IF NOT EXISTS `toggles` (
  `toggle` varchar(30) COLLATE latin1_general_ci NOT NULL,
  `pm` tinyint(1) NOT NULL DEFAULT '0',
  `cbs` tinyint(1) NOT NULL DEFAULT '0',
  `tms` tinyint(1) NOT NULL DEFAULT '0',
  `sm` tinyint(1) NOT NULL DEFAULT '0',
  `attend` tinyint(1) NOT NULL DEFAULT '0',
  `sound` tinyint(1) NOT NULL DEFAULT '0',
  `khclean` tinyint(1) NOT NULL DEFAULT '0',
  `grounds` tinyint(1) NOT NULL DEFAULT '0'
) ENGINE=InnoDB DEFAULT CHARSET=latin1 COLLATE=latin1_general_ci;

--
-- Dumping data for table `toggles`
--

INSERT INTO `toggles` (`toggle`, `pm`, `cbs`, `tms`, `sm`, `attend`, `sound`, `khclean`, `grounds`) VALUES
('view_list_bydate', 0, 0, 0, 0, 0, 0, 0, 0);

-- --------------------------------------------------------

--
-- Table structure for table `users`
--

CREATE TABLE IF NOT EXISTS `users` (
  `user_id` int(10) unsigned NOT NULL AUTO_INCREMENT,
  `gender` varchar(3) CHARACTER SET latin1 COLLATE latin1_general_ci DEFAULT NULL,
  `first_name` varchar(30) CHARACTER SET latin1 COLLATE latin1_general_ci NOT NULL,
  `last_name` varchar(30) CHARACTER SET latin1 COLLATE latin1_general_ci NOT NULL,
  `email` varchar(80) CHARACTER SET latin1 COLLATE latin1_general_ci NOT NULL,
  `send_email` tinyint(1) NOT NULL DEFAULT '0',
  `passw` char(40) CHARACTER SET latin1 COLLATE latin1_general_ci NOT NULL,
  `active` char(32) CHARACTER SET latin1 COLLATE latin1_general_ci DEFAULT NULL,
  `registration_date` datetime NOT NULL,
  `phone_1` varchar(15) CHARACTER SET latin1 COLLATE latin1_general_ci DEFAULT NULL,
  `phone_2` varchar(15) CHARACTER SET latin1 COLLATE latin1_general_ci DEFAULT NULL,
  `pub_type_id` int(10) unsigned NOT NULL,
  `servant_type_id` int(10) unsigned NOT NULL,
  `service_group_id` int(10) unsigned NOT NULL,
  `cong_id` int(10) NOT NULL,
  `admin` tinyint(1) NOT NULL DEFAULT '0' COMMENT 'Option: yes/NO',
  `public` tinyint(1) NOT NULL DEFAULT '0' COMMENT 'Option: yes/NO',
  `cbs` tinyint(1) NOT NULL DEFAULT '0' COMMENT 'Option: yes/NO',
  `tms` tinyint(1) NOT NULL DEFAULT '0' COMMENT 'Option: yes/NO',
  `service_meet` tinyint(1) NOT NULL DEFAULT '0' COMMENT 'Option: yes/NO',
  `attendants` tinyint(1) NOT NULL DEFAULT '0' COMMENT 'Option: yes/NO',
  `sound_stage` tinyint(1) NOT NULL DEFAULT '0' COMMENT 'Option: yes/NO',
  `cleaning` tinyint(1) NOT NULL DEFAULT '0' COMMENT 'Option: yes/NO',
  `grounds` tinyint(1) NOT NULL DEFAULT '0' COMMENT 'Option: yes/NO',
  `public_speaker` tinyint(1) NOT NULL DEFAULT '0',
  `chairman` tinyint(1) NOT NULL DEFAULT '0',
  `reader` tinyint(1) NOT NULL DEFAULT '0',
  `overseer` tinyint(1) NOT NULL DEFAULT '0',
  `prayer` tinyint(1) NOT NULL DEFAULT '0',
  `bible_high` tinyint(1) NOT NULL DEFAULT '0',
  `no_1` tinyint(1) NOT NULL DEFAULT '0',
  `no_2` tinyint(1) NOT NULL DEFAULT '0',
  `no_3` tinyint(1) NOT NULL DEFAULT '0',
  `serv_meet` tinyint(1) NOT NULL DEFAULT '0',
  `attend` tinyint(1) NOT NULL DEFAULT '0',
  `sound_panel` tinyint(1) NOT NULL DEFAULT '0',
  `stage` tinyint(1) NOT NULL DEFAULT '0',
  `mic` tinyint(1) NOT NULL DEFAULT '0',
  `grounds_keeper` tinyint(1) NOT NULL DEFAULT '0',
  `householder` tinyint(1) NOT NULL DEFAULT '0',
  PRIMARY KEY (`user_id`),
  UNIQUE KEY `email` (`email`),
  KEY `pub_type_id` (`pub_type_id`),
  KEY `servant_type_id` (`servant_type_id`),
  KEY `service_group_id` (`service_group_id`),
  KEY `login` (`email`,`passw`),
  KEY `cong_id` (`cong_id`)
) ENGINE=InnoDB  DEFAULT CHARSET=latin1 AUTO_INCREMENT=132 ;

--
-- Dumping data for table `users`
--

INSERT INTO `users` (`user_id`, `gender`, `first_name`, `last_name`, `email`, `send_email`, `passw`, `active`, `registration_date`, `phone_1`, `phone_2`, `pub_type_id`, `servant_type_id`, `service_group_id`, `cong_id`, `admin`, `public`, `cbs`, `tms`, `service_meet`, `attendants`, `sound_stage`, `cleaning`, `grounds`, `public_speaker`, `chairman`, `reader`, `overseer`, `prayer`, `bible_high`, `no_1`, `no_2`, `no_3`, `serv_meet`, `attend`, `sound_panel`, `stage`, `mic`, `grounds_keeper`, `householder`) VALUES
(1, 'Br.', 'Jim', 'Rush', 'jimrush72@gmail.com', 1, '503dccebe92aef6eef13d134c770390b9e161d01', '', '2012-09-03 00:00:00', '816-806-7524', '', 2, 1, 0, 1, 1, 0, 0, 0, 0, 0, 0, 0, 0, 1, 1, 1, 1, 1, 1, 1, 0, 1, 1, 1, 0, 1, 1, 1, 0),
(2, 'Br.', 'Richard', 'Jones', 'rick@mail.com', 0, '6a1d413de1ec4ea4aa635f8aec8805f43b2f47d8', '', '0000-00-00 00:00:00', '', '', 4, 3, 0, 1, 0, 0, 0, 0, 0, 0, 0, 0, 0, 0, 0, 0, 0, 0, 0, 0, 0, 0, 0, 0, 0, 0, 0, 0, 0),
(3, 'Br.', 'Richard', 'Zentz', 'Richard@att.com', 0, '209d5fae8b2ba427d30650dd0250942af944a0c9', '', '0000-00-00 00:00:00', '', '', 1, 1, 0, 1, 0, 0, 0, 0, 0, 0, 0, 0, 1, 1, 1, 1, 1, 1, 1, 0, 0, 1, 1, 1, 0, 0, 0, 0, 0),
(4, 'Br.', 'Mark', 'Strem', 'mstrem@yahoo.com', 1, '49e575489bc77e7d70145f5c914f1a07f7629e6d', '', '2013-01-01 00:00:00', '', '', 1, 1, 0, 1, 0, 1, 1, 0, 1, 0, 0, 0, 0, 1, 1, 1, 1, 1, 1, 0, 0, 1, 1, 1, 0, 0, 0, 0, 0),
(5, 'Br.', 'Claude', 'Wilson', 'wilson@mail.com', 0, '40bd001563085fc35165329ea1ff5c5ecbdbbeef', '', '0000-00-00 00:00:00', '', '', 1, 1, 0, 1, 0, 0, 0, 0, 0, 1, 1, 0, 0, 1, 1, 1, 1, 1, 1, 0, 0, 1, 1, 1, 1, 1, 1, 0, 0),
(6, 'Br.', 'Steve', 'Vigil', 'steve_vigil@comcast.net', 1, '49e575489bc77e7d70145f5c914f1a07f7629e6d', '', '2013-04-23 00:00:00', '', '', 2, 2, 0, 1, 0, 0, 0, 0, 0, 0, 0, 0, 0, 0, 1, 1, 0, 1, 1, 1, 0, 1, 1, 1, 1, 1, 1, 1, 0),
(7, 'Br.', 'Larry', 'Morris', 'lahmmorris@comcast.net', 1, '49e575489bc77e7d70145f5c914f1a07f7629e6d', '', '0000-00-00 00:00:00', '', '', 1, 1, 0, 1, 0, 0, 0, 0, 0, 0, 0, 0, 0, 1, 1, 1, 1, 1, 1, 0, 0, 1, 1, 1, 0, 0, 0, 0, 0),
(8, 'Br.', 'Paul', 'Kenslow', 'kenslow@mail.com', 0, '9c1c01dc3ac1445a500251fc34a15d3e75a849df', '', '0000-00-00 00:00:00', '', '', 4, 3, 0, 1, 0, 0, 0, 0, 0, 0, 0, 0, 0, 0, 0, 0, 0, 0, 0, 0, 0, 0, 0, 0, 0, 0, 0, 0, 0),
(10, 'Sr.', 'Katy', 'Rush', 'katy_rush@hotmail.com', 1, '545cbcbd790043899a54bfb8ad9d3c3fc5c4f8ab', '', '2012-01-24 00:00:00', '816-806-7749', '', 2, 3, 0, 1, 0, 0, 0, 0, 0, 0, 0, 0, 0, 0, 0, 0, 0, 0, 0, 0, 1, 1, 0, 0, 0, 0, 0, 0, 1),
(30, 'Br.', 'Tim', 'Laing', 'tlaing22@msn.com', 1, 'def1c4a703e84824064b105a7c1d8e1b607ac58a', NULL, '2014-05-20 00:00:00', '8162236188', '', 2, 2, 0, 1, 0, 0, 0, 0, 0, 0, 0, 0, 0, 1, 1, 1, 0, 1, 1, 1, 0, 1, 1, 1, 1, 1, 1, 1, 0),
(31, 'Br.', 'Scott', 'Erickson', 'scott@gmail.com', 0, '', NULL, '0000-00-00 00:00:00', '', '', 2, 3, 0, 1, 0, 0, 0, 0, 0, 0, 0, 0, 0, 0, 0, 1, 0, 0, 0, 1, 0, 1, 0, 0, 1, 1, 1, 1, 0),
(32, 'Br.', 'Bill', 'Gray', 'gray@mail.com', 0, '', NULL, '0000-00-00 00:00:00', '', '', 2, 2, 0, 1, 0, 0, 0, 0, 0, 0, 0, 0, 0, 0, 1, 0, 0, 1, 0, 0, 0, 1, 0, 1, 0, 1, 1, 0, 0),
(33, 'Br.', 'Chuck', 'Robinson', 'chuck@mail.com', 0, '', NULL, '0000-00-00 00:00:00', '', '', 2, 2, 0, 1, 0, 0, 0, 0, 0, 0, 0, 0, 0, 0, 1, 0, 0, 1, 0, 1, 0, 0, 1, 1, 0, 0, 1, 1, 0),
(34, 'Br.', 'Nick', 'Barbieri', 'nicholasbarbieri@hotmail.com', 1, '49e575489bc77e7d70145f5c914f1a07f7629e6d', NULL, '2014-05-20 00:00:00', '', '', 2, 2, 0, 1, 0, 1, 0, 0, 0, 0, 0, 0, 0, 1, 1, 1, 0, 1, 1, 0, 0, 1, 1, 1, 1, 1, 1, 1, 0),
(35, 'Br.', 'Doug', 'Stacye', 'doug@guttercoverkc.com', 1, '49e575489bc77e7d70145f5c914f1a07f7629e6d', NULL, '0000-00-00 00:00:00', '', '', 2, 1, 0, 1, 0, 0, 0, 1, 0, 0, 0, 0, 0, 1, 1, 1, 1, 1, 1, 0, 0, 1, 1, 1, 0, 0, 0, 0, 0),
(51, 'Br.', 'Don', 'Falke', 'Don@mail.com', 0, '', NULL, '0000-00-00 00:00:00', '', '', 2, 2, 0, 1, 0, 0, 0, 0, 0, 0, 0, 0, 0, 1, 1, 1, 0, 1, 1, 1, 0, 1, 1, 1, 1, 1, 1, 0, 0),
(52, 'Br.', 'Jim', 'Dowling', 'jim@mi.com', 0, '', NULL, '0000-00-00 00:00:00', '', '', 2, 2, 0, 1, 0, 0, 0, 0, 0, 0, 0, 0, 0, 0, 1, 1, 0, 1, 1, 1, 0, 1, 1, 1, 0, 0, 1, 0, 0),
(53, 'Br.', 'Dennis', 'Buckley', 'denny@mai.com', 0, '', NULL, '0000-00-00 00:00:00', '', '', 2, 2, 0, 1, 0, 0, 0, 0, 0, 0, 0, 0, 0, 0, 1, 0, 0, 1, 0, 1, 0, 1, 1, 1, 0, 0, 0, 0, 0),
(54, 'Br.', 'Jim', 'Valentine', 'valentine@mail.com', 0, '', NULL, '0000-00-00 00:00:00', '', '', 2, 3, 0, 1, 0, 0, 0, 0, 0, 0, 0, 0, 0, 0, 0, 0, 0, 1, 0, 1, 0, 1, 0, 0, 0, 0, 0, 0, 0),
(56, 'Br.', 'Larry', 'Laing', 'larry@mail.com', 0, '', NULL, '0000-00-00 00:00:00', '', '', 2, 3, 0, 1, 0, 0, 0, 0, 0, 0, 0, 0, 0, 0, 0, 0, 0, 1, 0, 1, 0, 1, 0, 0, 0, 0, 0, 0, 0),
(57, 'Br.', 'Colton', 'Strem', 'col@mail.com', 0, '', NULL, '0000-00-00 00:00:00', '', '', 3, 3, 0, 1, 0, 0, 0, 0, 0, 0, 0, 0, 0, 0, 0, 0, 0, 0, 0, 1, 0, 1, 0, 0, 0, 0, 0, 0, 0),
(58, 'Sr.', 'Sarah', 'Kenslow', 'sarah@mails.com', 0, '', NULL, '0000-00-00 00:00:00', '813-2094', '', 2, 3, 0, 1, 0, 0, 0, 0, 0, 0, 0, 0, 0, 0, 0, 0, 0, 0, 0, 0, 1, 1, 0, 0, 0, 0, 0, 0, 1),
(59, 'Br.', 'Kelvin', 'Moore', 'kel@mail.com', 0, '', NULL, '0000-00-00 00:00:00', '', '', 2, 3, 0, 1, 0, 0, 0, 0, 0, 0, 0, 0, 0, 0, 0, 1, 0, 1, 0, 1, 0, 1, 0, 0, 1, 1, 1, 1, 0),
(60, 'Sr.', 'Debbie', 'Zentz', 'deb@mail.com', 0, '', NULL, '0000-00-00 00:00:00', '816-524-4356', '', 2, 3, 0, 1, 0, 0, 0, 0, 0, 0, 0, 0, 0, 0, 0, 0, 0, 0, 0, 0, 1, 1, 0, 0, 0, 0, 0, 0, 1),
(61, 'Sr.', 'Pat', 'Mayer', 'pat@mail.com', 0, '', NULL, '0000-00-00 00:00:00', '816-525-2106', '', 2, 3, 0, 1, 0, 0, 0, 0, 0, 0, 0, 0, 0, 0, 0, 0, 0, 0, 0, 0, 1, 1, 0, 0, 0, 0, 0, 0, 1),
(62, 'Sr.', 'Danielle', 'Ellinger', 'dani@mail.com', 0, '', NULL, '0000-00-00 00:00:00', '', '', 2, 3, 0, 1, 0, 0, 0, 0, 0, 0, 0, 0, 0, 0, 0, 0, 0, 0, 0, 0, 1, 1, 0, 0, 0, 0, 0, 0, 1),
(63, 'Sr.', 'Brooke', 'Purvis', 'brook@mail.com', 0, '', NULL, '0000-00-00 00:00:00', '246-7881', '', 1, 3, 0, 1, 0, 0, 0, 0, 0, 0, 0, 0, 0, 0, 0, 0, 0, 0, 0, 0, 1, 1, 0, 0, 0, 0, 0, 0, 1),
(64, 'Sr.', 'Sharon', 'Laing', 'shar@mail.eomc', 0, '', NULL, '0000-00-00 00:00:00', '', '', 2, 3, 0, 1, 0, 0, 0, 0, 0, 0, 0, 0, 0, 0, 0, 0, 0, 0, 0, 0, 1, 1, 0, 0, 0, 0, 0, 0, 1),
(65, 'Sr.', 'Chandra', 'Carney', 'ch@mail.com', 0, '', NULL, '0000-00-00 00:00:00', '816-743-0439', '', 2, 3, 0, 1, 0, 0, 0, 0, 0, 0, 0, 0, 0, 0, 0, 0, 0, 0, 0, 0, 1, 1, 0, 0, 0, 0, 0, 0, 1),
(66, 'Sr.', 'Shawn', 'Chemoiywo', 'shawn@mail.com', 0, '', NULL, '0000-00-00 00:00:00', '', '', 2, 3, 0, 1, 0, 0, 0, 0, 0, 0, 0, 0, 0, 0, 0, 0, 0, 0, 0, 0, 1, 1, 0, 0, 0, 0, 0, 0, 1),
(67, 'Sr.', 'Miranda', 'Barbieri', 'mir@mail.com', 0, '', NULL, '0000-00-00 00:00:00', '', '', 2, 3, 0, 1, 0, 0, 0, 0, 0, 0, 0, 0, 0, 0, 0, 0, 0, 0, 0, 0, 1, 1, 0, 0, 0, 0, 0, 0, 1),
(68, 'Sr.', 'Angela', 'Thompson', 'angie@mail.com', 0, '', NULL, '0000-00-00 00:00:00', '816-217-7881', '', 2, 3, 0, 1, 0, 0, 0, 0, 0, 0, 0, 0, 0, 0, 0, 0, 0, 0, 0, 0, 1, 1, 0, 0, 0, 0, 0, 0, 1),
(71, 'Br.', 'Phillip', 'Thompson', 'phil@mail.com', 0, '', NULL, '0000-00-00 00:00:00', '', '', 2, 3, 0, 1, 0, 0, 0, 0, 0, 0, 0, 0, 0, 0, 0, 0, 0, 0, 0, 1, 0, 1, 0, 0, 0, 0, 0, 0, 0),
(72, 'Sr.', 'Valinda', 'Smith', 'val@mail.com', 0, '', NULL, '0000-00-00 00:00:00', '', '', 2, 3, 0, 1, 0, 0, 0, 0, 0, 0, 0, 0, 0, 0, 0, 0, 0, 0, 0, 0, 1, 1, 0, 0, 0, 0, 0, 0, 1),
(73, 'Sr.', 'Helen', 'Morris', 'helen@mail.com', 0, '', NULL, '0000-00-00 00:00:00', '816-537-7135', '', 2, 3, 0, 1, 0, 0, 0, 0, 0, 0, 0, 0, 0, 0, 0, 0, 0, 0, 0, 0, 1, 1, 0, 0, 0, 0, 0, 0, 1),
(74, 'Sr.', 'Sheila', 'Strem', 'sheila@mail.com', 0, '', NULL, '0000-00-00 00:00:00', '', '', 2, 3, 0, 1, 0, 0, 0, 0, 0, 0, 0, 0, 0, 0, 0, 0, 0, 0, 0, 0, 1, 1, 0, 0, 0, 0, 0, 0, 1),
(75, 'Sr.', 'Sue', 'Robinson', 'sue@mail.com', 0, '', NULL, '0000-00-00 00:00:00', '816-524-8554', '', 2, 3, 0, 1, 0, 0, 0, 0, 0, 0, 0, 0, 0, 0, 0, 0, 0, 0, 0, 0, 1, 1, 0, 0, 0, 0, 0, 0, 1),
(76, 'Br.', 'Paul', 'Higgs Jr', 'pj@mail.com', 0, '', NULL, '0000-00-00 00:00:00', '', '', 3, 3, 0, 1, 0, 0, 0, 0, 0, 0, 0, 0, 0, 0, 0, 0, 0, 0, 0, 1, 0, 0, 0, 0, 0, 0, 0, 0, 0),
(77, 'Sr.', 'Angie', 'Strem', 'ang@maile.com', 0, '', NULL, '0000-00-00 00:00:00', '816-524-9849', '', 2, 3, 0, 1, 0, 0, 0, 0, 0, 0, 0, 0, 0, 0, 0, 0, 0, 0, 0, 0, 1, 1, 0, 0, 0, 0, 0, 0, 1),
(78, 'Sr.', 'Talia', 'Burgos', 'tal@mailc.om', 0, '', NULL, '0000-00-00 00:00:00', '402-216-3355', '', 4, 3, 0, 1, 0, 0, 0, 0, 0, 0, 0, 0, 0, 0, 0, 0, 0, 0, 0, 0, 0, 0, 0, 0, 0, 0, 0, 0, 0),
(79, 'Sr.', 'Yolanda', 'Wilson', 'yol@mail.com', 0, '', NULL, '0000-00-00 00:00:00', '', '', 2, 3, 0, 1, 0, 0, 0, 0, 0, 0, 0, 0, 0, 0, 0, 0, 0, 0, 0, 0, 1, 1, 0, 0, 0, 0, 0, 0, 1),
(80, 'Sr.', 'Baylee', 'Zentz', 'baylee@mail.com', 0, '', NULL, '0000-00-00 00:00:00', '816-524-4356', '', 3, 3, 0, 1, 0, 0, 0, 0, 0, 0, 0, 0, 0, 0, 0, 0, 0, 0, 0, 0, 1, 1, 0, 0, 0, 0, 0, 0, 1),
(81, 'Sr.', 'Nancy', 'Lashell', 'nan@mail.com', 0, '', NULL, '0000-00-00 00:00:00', '', '', 2, 3, 0, 1, 0, 0, 0, 0, 0, 0, 0, 0, 0, 0, 0, 0, 0, 0, 0, 0, 0, 0, 0, 0, 0, 0, 0, 0, 0),
(83, 'Br.', 'Kevin', 'Wheeler', 'kevinw@mail.com', 0, '', NULL, '0000-00-00 00:00:00', '', '', 2, 3, 0, 1, 0, 0, 0, 0, 0, 0, 0, 0, 0, 0, 0, 0, 0, 0, 0, 1, 0, 0, 0, 0, 0, 0, 0, 0, 0),
(84, 'Br.', 'Paul', 'Higgs', 'paulh@mail.com', 0, '', NULL, '0000-00-00 00:00:00', '', '', 2, 3, 0, 1, 0, 0, 0, 0, 0, 0, 0, 0, 0, 0, 0, 0, 0, 1, 0, 1, 0, 1, 0, 0, 1, 1, 1, 0, 0),
(85, 'Br.', 'Marlon', 'Wells', 'marlon@mail.com', 0, '', NULL, '0000-00-00 00:00:00', '', '', 2, 3, 0, 1, 0, 0, 0, 0, 0, 0, 0, 0, 0, 0, 0, 1, 0, 1, 0, 1, 0, 1, 0, 0, 1, 1, 1, 0, 0),
(88, 'Sr.', 'Pam', 'Stacye', 'pam@mail.com', 0, '', NULL, '0000-00-00 00:00:00', '816-246-7881', '', 2, 3, 0, 1, 0, 0, 0, 0, 0, 0, 0, 0, 0, 0, 0, 0, 0, 0, 0, 0, 1, 1, 0, 0, 0, 0, 0, 0, 1),
(89, 'Br.', 'Jake', 'Erickson', 'jake@mail.com', 0, '', NULL, '0000-00-00 00:00:00', '', '', 3, 3, 0, 1, 0, 0, 0, 0, 0, 0, 0, 0, 0, 0, 0, 0, 0, 1, 0, 1, 0, 1, 0, 0, 1, 1, 1, 1, 0),
(90, 'Sr.', 'Christina', 'Falke', 'christina@mail.com', 0, '', NULL, '0000-00-00 00:00:00', '', '', 2, 3, 0, 1, 0, 0, 0, 0, 0, 0, 0, 0, 0, 0, 0, 0, 0, 0, 0, 0, 1, 1, 0, 0, 0, 0, 0, 0, 1),
(91, 'Sr.', 'Jamie', 'Earhart', 'earhart@mailc.om', 0, '', NULL, '0000-00-00 00:00:00', '', '', 4, 3, 0, 1, 0, 0, 0, 0, 0, 0, 0, 0, 0, 0, 0, 0, 0, 0, 0, 0, 0, 0, 0, 0, 0, 0, 0, 0, 0),
(93, 'Sr.', 'Sue', 'Buckley', 'sueb@mai.com', 0, '', NULL, '0000-00-00 00:00:00', '816-524-4335', '', 2, 3, 0, 1, 0, 0, 0, 0, 0, 0, 0, 0, 0, 0, 0, 0, 0, 0, 0, 0, 1, 1, 0, 0, 0, 0, 0, 0, 1),
(94, 'Sr.', 'Krachawn', 'Tucker', 'tc@mai.com', 0, '', NULL, '0000-00-00 00:00:00', '', '', 2, 3, 0, 1, 0, 0, 0, 0, 0, 0, 0, 0, 0, 0, 0, 0, 0, 0, 0, 0, 1, 1, 0, 0, 0, 0, 0, 0, 1),
(95, 'Sr.', 'Angie', 'Small', 'angies@bma.com', 0, '', NULL, '0000-00-00 00:00:00', '', '', 2, 3, 0, 1, 0, 0, 0, 0, 0, 0, 0, 0, 0, 0, 0, 0, 0, 0, 0, 0, 1, 1, 0, 0, 0, 0, 0, 0, 1),
(97, 'Sr.', 'Judy', 'Vigil', 'judyv@mail.com', 0, '545cbcbd790043899a54bfb8ad9d3c3fc5c4f8ab', NULL, '2013-04-25 00:00:00', '', '', 2, 3, 0, 1, 0, 0, 0, 0, 0, 0, 0, 0, 0, 0, 0, 0, 0, 0, 0, 0, 1, 1, 0, 0, 0, 0, 0, 0, 1),
(98, 'Sr.', 'Rhonda', 'Ellinger', 'helpme@rhonda.com', 0, '', NULL, '0000-00-00 00:00:00', '816-697-4104', '', 2, 3, 0, 1, 0, 0, 0, 0, 0, 0, 0, 0, 0, 0, 0, 0, 0, 0, 0, 0, 1, 1, 0, 0, 0, 0, 0, 0, 1),
(99, 'Br.', 'Kevin', 'Small', 'ksm@mail.com', 0, '', NULL, '0000-00-00 00:00:00', '', '', 2, 3, 0, 1, 0, 0, 0, 0, 0, 0, 0, 0, 0, 0, 0, 0, 0, 0, 0, 1, 0, 0, 0, 0, 0, 0, 0, 0, 0),
(100, 'Sr.', 'Erica', 'Kenslow', 'ericak@mail.com', 0, '545cbcbd790043899a54bfb8ad9d3c3fc5c4f8ab', NULL, '2013-04-24 00:00:00', '', '', 1, 3, 0, 1, 0, 0, 0, 0, 0, 0, 0, 0, 0, 0, 0, 0, 0, 0, 0, 0, 1, 1, 0, 0, 0, 0, 0, 0, 1),
(101, 'Sr.', 'Sharon', 'Salas', 'sharons@mailc.om', 0, '', NULL, '0000-00-00 00:00:00', '', '', 4, 3, 0, 1, 0, 0, 0, 0, 0, 0, 0, 0, 0, 0, 0, 0, 0, 0, 0, 0, 0, 0, 0, 0, 0, 0, 0, 0, 0),
(103, 'Sr.', 'Brittany', 'Laing', 'Brit@mail.com', 0, '', NULL, '0000-00-00 00:00:00', '816-223-6188', '', 2, 3, 0, 1, 0, 0, 0, 0, 0, 0, 0, 0, 0, 0, 0, 0, 0, 0, 0, 0, 1, 1, 0, 0, 0, 0, 0, 0, 1),
(104, 'Br.', 'John', 'Davis', 'jd@b.fom', 0, '', NULL, '0000-00-00 00:00:00', '', '', 2, 3, 0, 1, 0, 0, 0, 0, 0, 0, 0, 0, 0, 0, 0, 0, 0, 0, 0, 1, 0, 1, 0, 0, 0, 0, 0, 1, 0),
(105, 'Sr.', 'Sherrie', 'Erickson', 'sherr@mail.com', 0, '', NULL, '0000-00-00 00:00:00', '537-4022', '', 2, 3, 0, 1, 0, 0, 0, 0, 0, 0, 0, 0, 0, 0, 0, 0, 0, 0, 0, 0, 1, 1, 0, 0, 0, 0, 0, 0, 1),
(106, 'Br.', 'Logan', 'Morris', 'logans@run.com', 0, '', NULL, '0000-00-00 00:00:00', '', '', 3, 3, 0, 1, 0, 0, 0, 0, 0, 0, 0, 0, 0, 0, 0, 0, 0, 0, 0, 1, 0, 1, 0, 0, 1, 1, 1, 0, 0),
(107, 'Sr.', 'Rhonda', 'Davis', 'Rhonda@helpme.com', 0, '', NULL, '0000-00-00 00:00:00', '537-8253', '', 2, 3, 0, 1, 0, 0, 0, 0, 0, 0, 0, 0, 0, 0, 0, 0, 0, 0, 0, 0, 1, 1, 0, 0, 0, 0, 0, 0, 1),
(108, 'Br.', 'Gary', 'Phillips', 'garyp@mao.com', 0, '', NULL, '0000-00-00 00:00:00', '', '', 3, 3, 0, 1, 0, 0, 0, 0, 0, 0, 0, 0, 0, 0, 0, 0, 0, 0, 0, 1, 0, 1, 0, 0, 0, 0, 0, 0, 0),
(109, 'Br.', 'Larry', 'Rhodes', 'th@ms.com', 0, '', NULL, '0000-00-00 00:00:00', '', '', 2, 3, 0, 1, 0, 0, 0, 0, 0, 0, 0, 0, 0, 0, 0, 0, 0, 1, 0, 1, 0, 1, 0, 1, 1, 1, 1, 1, 0),
(110, 'Sr.', 'Joyce', 'Ross', 'jc@mai.com', 0, '', NULL, '0000-00-00 00:00:00', '', '', 2, 3, 0, 1, 0, 0, 0, 0, 0, 0, 0, 0, 0, 0, 0, 0, 0, 0, 0, 0, 1, 1, 0, 0, 0, 0, 0, 0, 1),
(111, 'Br.', 'Jaedon', 'Stacye', 'jaedon@mail.com', 0, '', NULL, '0000-00-00 00:00:00', '', '', 3, 3, 0, 1, 0, 0, 0, 0, 0, 0, 0, 0, 0, 0, 0, 0, 0, 0, 0, 1, 0, 1, 0, 0, 0, 0, 0, 0, 0),
(112, 'Sr.', 'Sabrina', 'Davis', 'sabrina@maill.com', 0, '', NULL, '0000-00-00 00:00:00', '', '', 3, 3, 0, 0, 0, 0, 0, 0, 0, 0, 0, 0, 0, 0, 0, 0, 0, 0, 0, 0, 1, 1, 0, 0, 0, 0, 0, 0, 1),
(114, 'Br.', 'Steve', 'Purvis', 'steven.m.purvis@gmail.com', 0, '8fa4bbfe315d8976706705a30adcb33a7b215b9c', NULL, '2013-10-24 14:53:48', '816-719-2233', '', 1, 1, 0, 0, 0, 0, 0, 0, 0, 0, 0, 0, 0, 1, 1, 1, 1, 1, 1, 0, 0, 0, 1, 1, 0, 0, 0, 0, 0),
(115, 'Br.', 'Russel', 'Spaeth', 'rus@mail.com', 0, '', NULL, '2013-10-30 17:30:25', '', '', 2, 3, 0, 0, 0, 0, 0, 0, 0, 0, 0, 0, 0, 0, 0, 0, 0, 0, 0, 1, 0, 1, 0, 0, 0, 0, 0, 0, 0),
(116, 'Br.', 'Justin', 'Spaeth', 'jus@mai.com', 0, '', NULL, '2013-10-30 17:34:50', '', '', 2, 3, 0, 0, 0, 0, 0, 0, 0, 0, 0, 0, 0, 0, 0, 0, 0, 0, 0, 1, 0, 1, 0, 0, 1, 1, 1, 0, 0),
(117, 'Br.', 'Josh', 'Spaeth', 'josh@spaith.com', 0, '', NULL, '2013-10-30 17:36:15', '', '', 2, 3, 0, 0, 0, 0, 0, 0, 0, 0, 0, 0, 0, 0, 0, 0, 0, 0, 0, 1, 0, 1, 0, 0, 1, 1, 1, 1, 0),
(118, 'Sr.', 'Sandy', 'Spaeth', 'Sandy@dee.com', 0, '', NULL, '2013-10-30 17:41:17', '', '', 2, 3, 0, 0, 0, 0, 0, 0, 0, 0, 0, 0, 0, 0, 0, 0, 0, 0, 0, 0, 1, 0, 0, 0, 0, 0, 0, 0, 1),
(119, 'Br.', 'Ross', 'Bishop', 'bishop@mail.com', 0, '', NULL, '2013-12-18 10:15:30', '', '', 2, 3, 0, 0, 0, 0, 0, 0, 0, 0, 0, 0, 0, 0, 0, 0, 0, 0, 0, 1, 0, 1, 0, 0, 0, 0, 0, 0, 0),
(120, 'Sr.', 'Jackie', 'Bishop', 'jackie@mail.com', 0, '', NULL, '2013-12-18 10:30:35', '', '', 2, 3, 0, 0, 0, 0, 0, 0, 0, 0, 0, 0, 0, 0, 0, 0, 0, 0, 0, 0, 1, 1, 0, 0, 0, 0, 0, 0, 1),
(121, 'Br.', 'Dawson', 'Strem', 'ds@ds.com', 0, '', NULL, '2014-01-19 12:33:04', '', '', 3, 3, 0, 0, 0, 0, 0, 0, 0, 0, 0, 0, 0, 0, 0, 0, 0, 0, 0, 1, 0, 0, 0, 0, 0, 0, 0, 0, 0),
(122, 'Sr.', 'Shirley', 'Zentz', 'shz@mail.com', 0, '', NULL, '2014-04-23 15:22:05', '', '', 2, 3, 0, 0, 0, 0, 0, 0, 0, 0, 0, 0, 0, 0, 0, 0, 0, 0, 0, 0, 1, 1, 0, 0, 0, 0, 0, 0, 1),
(123, 'Sr.', 'Julia', 'Rush', 'julia@mail.com', 0, '', NULL, '2014-04-28 21:59:37', '', '', 3, 3, 0, 0, 0, 0, 0, 0, 0, 0, 0, 0, 0, 0, 0, 0, 0, 0, 0, 0, 0, 0, 0, 0, 0, 0, 0, 0, 1),
(125, 'Br.', 'Jaden', 'Bagsby', 'jb@mail.com', 0, '', NULL, '2014-07-02 16:20:13', '', '', 3, 3, 0, 0, 0, 0, 0, 0, 0, 0, 0, 0, 0, 0, 0, 0, 0, 0, 0, 1, 0, 0, 0, 0, 0, 0, 0, 0, 0),
(126, 'Sr.', 'Kennesha', 'Bagsby', 'kb@mail.com', 0, '', NULL, '2014-07-02 16:26:05', '', '', 2, 3, 0, 0, 0, 0, 0, 0, 0, 0, 0, 0, 0, 0, 0, 0, 0, 0, 0, 0, 1, 0, 0, 0, 0, 0, 0, 0, 1),
(127, 'Br.', 'Brian', 'Coleman', 'bcole@mail.com', 0, '', NULL, '2014-08-03 22:42:55', '', '', 2, 1, 0, 0, 0, 0, 0, 0, 0, 0, 0, 0, 0, 1, 1, 1, 1, 1, 1, 0, 0, 0, 1, 1, 0, 0, 0, 0, 0),
(128, 'Sr.', 'Suzette', 'Coleman', 'scole@mai.com', 0, '', NULL, '2014-08-03 22:43:28', '', '', 2, 3, 0, 0, 0, 0, 0, 0, 0, 0, 0, 0, 0, 0, 0, 0, 0, 0, 0, 0, 1, 1, 0, 0, 0, 0, 0, 0, 1),
(129, 'Br.', 'Sam', 'Cohen', 'samjco@gmail.com', 1, '9012ad5614564fd9600b0a2b0b8651a7408d6803', '', '2014-08-11 11:49:46', '', '', 2, 3, 0, 0, 0, 0, 0, 0, 0, 0, 0, 0, 0, 0, 0, 0, 0, 0, 0, 0, 0, 0, 0, 0, 0, 0, 0, 0, 0),
(130, 'Br.', 'Jirrod', 'Glynn', 'gly@mail.com', 0, '', NULL, '2014-08-13 13:39:28', '', '', 0, 0, 0, 0, 0, 0, 0, 0, 0, 0, 0, 0, 0, 0, 0, 0, 0, 0, 0, 0, 0, 0, 0, 0, 0, 0, 0, 0, 0),
(131, 'Sr.', 'Kameron', 'Bagsby', 'kam@maic.com', 0, '', NULL, '2014-08-20 12:54:31', '', '', 2, 3, 0, 0, 0, 0, 0, 0, 0, 0, 0, 0, 0, 0, 0, 0, 0, 0, 0, 0, 1, 1, 0, 0, 0, 0, 0, 0, 1);

-- --------------------------------------------------------

--
-- Table structure for table `visit_speakers`
--

CREATE TABLE IF NOT EXISTS `visit_speakers` (
  `visit_speaker_id` int(3) NOT NULL AUTO_INCREMENT,
  `week_of` date NOT NULL,
  `name` varchar(60) COLLATE latin1_general_ci NOT NULL,
  `cong` varchar(60) COLLATE latin1_general_ci NOT NULL,
  `theme_id` int(3) NOT NULL,
  PRIMARY KEY (`visit_speaker_id`),
  UNIQUE KEY `week_of` (`week_of`)
) ENGINE=MyISAM DEFAULT CHARSET=latin1 COLLATE=latin1_general_ci AUTO_INCREMENT=1 ;

/*!40101 SET CHARACTER_SET_CLIENT=@OLD_CHARACTER_SET_CLIENT */;
/*!40101 SET CHARACTER_SET_RESULTS=@OLD_CHARACTER_SET_RESULTS */;
/*!40101 SET COLLATION_CONNECTION=@OLD_COLLATION_CONNECTION */;
